timestamp,channel,author,message
2026-06-29 22:24:14,signals-general,marcus_fx,"right, clean breakout on GBP/USD, buying this one chart's in the other channel."
2026-06-29 22:38:40,signals-general,sarah_k,"back at the desk. red across the board, GBP/USD OTC dumping 📉 could be a fakeout, watching."
2026-06-30 05:19:49,vip-room,quiet_quant,"back at the desk. USD/JPY looking strong above support, taking a call on the M5 same setup as yesterday."
2026-06-30 06:04:50,vip-room,marcus_fx,"right, GBP/USD OTC holding the trendline nicely, call on M5 expiry will post the result after."
2026-06-30 06:52:06,vip-room,marcus_fx,"honestly USD/JPY bounced off the demand zone — bullish for me might be wrong on this one."
2026-06-30 06:55:14,signals-general,dana_r,"how do you handle EUR/USD OTC during rollover? will post the result after."
2026-06-30 06:55:51,eurusd-desk,elena.trades,"not sure but green candles stacking on GBP/USD OTC, momentum is up 📈"
2026-06-30 07:12:54,signals-general,NightOwlFX,"fwiw EUR/JPY looking strong above support, taking a call on the M15 thoughts?"
2026-06-30 10:55:41,eurusd-desk,marcus_fx,"quick one — breakdown below support on EUR/USD OTC, going short thoughts?"
2026-06-30 11:53:46,eurusd-desk,dana_r,"honestly green candles stacking on GBP/USD, momentum is up 📈"
2026-06-30 11:56:00,vip-room,sarah_k,"ok so that was a clean win on GBP/JPY, +8.14 🚀 let's see how it plays out."
2026-06-30 12:21:32,eurusd-desk,PipHunter,"back at the desk. green candles stacking on USD/JPY, momentum is up 📈 could be a fakeout, watching."
2026-06-30 12:26:36,vip-room,dana_r,"right, took a loss on GBP/USD, -13.66. bad entry on my part third time this week."
2026-06-30 14:23:35,signals-general,sarah_k,"back at the desk. GBP/USD looks weak here, sell sticking to my plan."
2026-06-30 14:26:08,eurusd-desk,mo_analytics,"hmm rsi oversold on USD/JPY, expecting a reversal up small size though."
2026-06-30 14:26:22,signals-general,PipHunter,"EUR/USD rejected at resistance, putting on the H1 will post the result after."
2026-06-30 14:35:04,vip-room,tomas,"right, green candles stacking on GBP/USD, momentum is up 📈"
2026-06-30 14:43:05,vip-room,elena.trades,"death cross on EUR/USD, bearish for the session"
2026-06-30 15:15:10,signals-general,sarah_k,"after that last one, USD/JPY looking strong above support, taking a call on the M3 chart's in the other channel."
2026-06-30 17:16:58,vip-room,dana_r,"after that last one, GBP/USD bounced off the demand zone — bullish for me third time this week."
2026-06-30 18:05:24,eurusd-desk,elena.trades,"morning all, breakdown below support on EUR/JPY, going short"
2026-06-30 18:26:59,eurusd-desk,elena.trades,"not sure but took a loss on GBP/USD, -49.08. bad entry on my part let's see how it plays out."
2026-06-30 20:08:52,signals-general,dana_r,"right, EUR/USD looking strong above support, taking a call on the M3 will post the result after."
2026-06-30 20:33:45,vip-room,PipHunter,"hmm golden cross forming on EUR/USD 4h, long bias might be wrong on this one."
2026-06-30 20:34:12,vip-room,sarah_k,"morning all, how do you handle GBP/JPY during rollover? could be a fakeout, watching."
2026-06-30 20:37:51,signals-general,promo_bot,"DM me and I can manage your account, guaranteed profit no loss"
2026-06-30 22:17:29,vip-room,tomas,"green candles stacking on GBP/USD, momentum is up 📈 not touching it until the close."
2026-06-30 22:55:12,eurusd-desk,elena.trades,"waiting for the news at 13:30 before touching GBP/JPY"
2026-07-01 05:54:04,eurusd-desk,signals_vip_x,"join my vip signal channel, risk-free trading, inbox me now"
2026-07-01 06:28:08,vip-room,sarah_k,"fwiw how do you handle GBP/JPY during rollover?"
2026-07-01 07:04:19,signals-general,NightOwlFX,"ok so EUR/USD bounced off the demand zone — bullish for me chart's in the other channel."
2026-07-01 08:22:16,signals-general,NightOwlFX,"hmm USD/JPY looking strong above support, taking a call on the M1 same setup as yesterday."
2026-07-01 11:15:31,vip-room,mo_analytics,"right, BTC/USD downtrend intact, not buying this dip not touching it until the close."
2026-07-01 13:52:47,vip-room,elena.trades,"morning all, green candles stacking on EUR/USD OTC, momentum is up 📈 anyone agree?"
2026-07-01 14:29:42,vip-room,tomas,"EUR/USD bounced off the demand zone — bullish for me let's see how it plays out."
2026-07-01 16:19:34,signals-general,quiet_quant,"right, green candles stacking on BTC/USD, momentum is up 📈 anyone agree?"
2026-07-01 16:33:21,signals-general,dana_r,"morning all, breakdown below support on AUD/USD, going short chart's in the other channel."
2026-07-01 19:13:31,signals-general,tomas,"fwiw does anyone have data on AUD/USD otc payouts? thoughts?"
2026-07-01 19:18:18,eurusd-desk,signals_vip_x,"💰💰💰💰💰💰💰💰"
2026-07-01 19:36:42,vip-room,kenji,"back at the desk. took a loss on EUR/USD OTC, -36.59. bad entry on my part same setup as yesterday."
2026-07-01 19:59:59,vip-room,NightOwlFX,"just checked and BTC/USD holding the trendline nicely, call on M5 expiry thoughts?"
2026-07-01 21:50:06,eurusd-desk,NightOwlFX,"ok so death cross on EUR/JPY, bearish for the session might be wrong on this one."
2026-07-01 22:31:09,signals-general,quiet_quant,"fwiw golden cross forming on EUR/USD 4h, long bias could be a fakeout, watching."
2026-07-02 05:36:57,signals-general,dana_r,"right, EUR/USD bounced off the demand zone — bullish for me"
2026-07-02 06:44:31,eurusd-desk,PipHunter,"honestly waiting for the news at 13:30 before touching BTC/USD same setup as yesterday."
2026-07-02 07:08:17,vip-room,PipHunter,"back at the desk. how do you handle USD/JPY during rollover? small size though."
2026-07-02 07:59:29,signals-general,elena.trades,"looking at the 15m and green candles stacking on GBP/USD OTC, momentum is up 📈 could be a fakeout, watching."
2026-07-02 08:30:12,vip-room,kenji,"just checked and BTC/USD bounced off the demand zone — bullish for me same setup as yesterday."
2026-07-02 09:07:13,signals-general,NightOwlFX,"rsi oversold on GBP/USD, expecting a reversal up"
2026-07-02 09:47:04,eurusd-desk,marcus_fx,"quick one — red across the board, EUR/JPY dumping 📉 will post the result after."
2026-07-02 12:26:42,signals-general,elena.trades,"EUR/JPY looking strong above support, taking a call on the M15 chart's in the other channel."
2026-07-02 12:28:49,eurusd-desk,PipHunter,"not sure but red across the board, XAU/USD dumping 📉 thoughts?"
2026-07-02 13:34:20,signals-general,mo_analytics,"green candles stacking on AUD/USD, momentum is up 📈"
2026-07-02 14:23:40,vip-room,PipHunter,"clean breakout on USD/JPY, buying this one could be a fakeout, watching."
2026-07-02 16:27:35,signals-general,dana_r,"ok so took a loss on AUD/USD, -42.27. bad entry on my part will post the result after."
2026-07-02 17:06:01,eurusd-desk,mo_analytics,"not sure but how do you handle GBP/USD during rollover? sticking to my plan."
2026-07-02 17:33:13,signals-general,promo_bot,"sign up bonus with my link — double your money in a week, use promo code WIN2X"
2026-07-02 18:12:33,vip-room,marcus_fx,"back at the desk. USD/JPY downtrend intact, not buying this dip thoughts?"
2026-07-02 18:25:28,vip-room,marcus_fx,"looking at the 15m and breakdown below support on EUR/USD, going short anyone agree?"
2026-07-02 19:13:46,vip-room,PipHunter,"not sure but green candles stacking on GBP/USD OTC, momentum is up 📈 anyone agree?"
2026-07-03 06:20:34,signals-general,dana_r,"quick one — GBP/JPY holding the trendline nicely, call on M1 expiry"
2026-07-03 07:24:42,signals-general,quiet_quant,"not sure but clean breakout on USD/JPY, buying this one chart's in the other channel."
2026-07-03 07:58:57,eurusd-desk,mo_analytics,"quick one — GBP/JPY rejected at resistance, putting on the H1 chart's in the other channel."
2026-07-03 08:57:58,eurusd-desk,kenji,"after that last one, rsi oversold on BTC/USD, expecting a reversal up could be a fakeout, watching."
2026-07-03 09:19:41,signals-general,dana_r,"not sure but took a loss on EUR/USD OTC, -28.02. bad entry on my part could be a fakeout, watching."
2026-07-03 09:41:06,eurusd-desk,signals_vip_x,"join my vip signal channel, risk-free trading, inbox me now"
2026-07-03 10:03:36,signals-general,dana_r,"back at the desk. EUR/JPY ranging, sitting this one out"
2026-07-03 11:12:14,vip-room,tomas,"hmm took a loss on EUR/JPY, -58.89. bad entry on my part small size though."
2026-07-03 12:00:02,eurusd-desk,quiet_quant,"right, USD/CAD looks weak here, sell thoughts?"
2026-07-03 12:21:07,signals-general,dana_r,"overbought rsi on GBP/USD OTC, expecting a drop"
2026-07-03 12:26:22,vip-room,marcus_fx,"back at the desk. red across the board, XAU/USD dumping 📉 will post the result after."
2026-07-03 12:35:53,signals-general,marcus_fx,"not sure but BTC/USD rejected at resistance, putting on the M3 might be wrong on this one."
2026-07-03 13:07:29,vip-room,elena.trades,"just checked and clean breakout on GBP/USD, buying this one anyone agree?"
2026-07-03 14:16:47,vip-room,promo_bot,"sign up bonus with my link — double your money in a week, use promo code WIN2X"
2026-07-03 15:00:52,signals-general,dana_r,"right, USD/CAD bounced off the demand zone — bullish for me could be a fakeout, watching."
2026-07-03 17:27:59,signals-general,mo_analytics,"ok so clean breakout on AUD/USD, buying this one chart's in the other channel."
2026-07-03 20:20:53,eurusd-desk,dana_r,"back at the desk. GBP/USD looking strong above support, taking a call on the M15"
2026-07-03 21:16:27,vip-room,NightOwlFX,"looking at the 15m and green candles stacking on EUR/JPY, momentum is up 📈 anyone agree?"
2026-07-03 21:34:35,signals-general,mo_analytics,"ok so USD/CAD looks weak here, sell same setup as yesterday."
2026-07-03 22:43:06,eurusd-desk,marcus_fx,"after that last one, EUR/USD OTC bounced off the demand zone — bullish for me third time this week."
2026-07-04 08:37:30,eurusd-desk,elena.trades,"ok so golden cross forming on EUR/USD OTC 4h, long bias not touching it until the close."
2026-07-04 10:05:49,signals-general,quiet_quant,"looking at the 15m and EUR/USD OTC looks weak here, sell same setup as yesterday."
2026-07-04 15:49:18,signals-general,NightOwlFX,"after that last one, breakdown below support on AUD/USD, going short will post the result after."
2026-07-04 17:40:06,vip-room,sarah_k,"just checked and EUR/JPY looking strong above support, taking a call on the M30 small size though."
2026-07-05 06:47:22,vip-room,elena.trades,"right, golden cross forming on EUR/USD 4h, long bias not touching it until the close."
2026-07-05 11:02:52,eurusd-desk,kenji,"honestly golden cross forming on USD/JPY 4h, long bias sticking to my plan."
2026-07-05 14:48:49,vip-room,dana_r,"waiting for the news at 13:30 before touching GBP/USD"
2026-07-05 17:38:59,signals-general,NightOwlFX,"not sure but rsi oversold on EUR/USD, expecting a reversal up sticking to my plan."
2026-07-06 05:27:41,signals-general,mo_analytics,"golden cross forming on EUR/USD OTC 4h, long bias third time this week."
2026-07-06 05:55:51,vip-room,quiet_quant,"quick one — sideways chop on AUD/USD, no clean setup small size though."
2026-07-06 07:03:57,vip-room,NightOwlFX,"fwiw that was a clean win on GBP/JPY, +18.67 🚀 let's see how it plays out."
2026-07-06 07:39:34,eurusd-desk,PipHunter,"hmm green candles stacking on EUR/JPY, momentum is up 📈 chart's in the other channel."
2026-07-06 10:48:06,vip-room,PipHunter,"rsi oversold on AUD/USD, expecting a reversal up small size though."
2026-07-06 11:01:31,vip-room,dana_r,"waiting for the news at 13:30 before touching GBP/JPY thoughts?"
2026-07-06 11:40:44,vip-room,tomas,"just checked and XAU/USD looks weak here, sell might be wrong on this one."
2026-07-06 21:18:25,eurusd-desk,NightOwlFX,"ok so clean breakout on AUD/USD, buying this one might be wrong on this one."
2026-07-06 22:02:23,eurusd-desk,mo_analytics,"looking at the 15m and XAU/USD downtrend intact, not buying this dip might be wrong on this one."
2026-07-06 22:35:27,vip-room,kenji,"EUR/JPY looks weak here, sell same setup as yesterday."
2026-07-07 06:01:29,signals-general,dana_r,"USD/JPY downtrend intact, not buying this dip sticking to my plan."
2026-07-07 06:21:25,vip-room,mo_analytics,"fwiw that was a clean win on EUR/USD, +55.95 🚀 let's see how it plays out."
2026-07-07 06:34:55,vip-room,NightOwlFX,"after that last one, overbought rsi on GBP/JPY, expecting a drop sticking to my plan."
2026-07-07 06:49:25,vip-room,tomas,"not sure but waiting for the news at 13:30 before touching GBP/JPY"
2026-07-07 07:13:00,vip-room,mo_analytics,"just checked and red across the board, GBP/JPY dumping 📉 small size though."
2026-07-07 07:26:17,eurusd-desk,marcus_fx,"looking at the 15m and that was a clean win on USD/JPY, +54.13 🚀"
2026-07-07 07:38:19,eurusd-desk,PipHunter,"quick one — GBP/USD holding the trendline nicely, call on H1 expiry might be wrong on this one."
2026-07-07 09:19:35,eurusd-desk,marcus_fx,"morning all, green candles stacking on BTC/USD, momentum is up 📈"
2026-07-07 09:53:49,eurusd-desk,dana_r,"fwiw breakdown below support on GBP/USD, going short"
2026-07-07 10:27:53,eurusd-desk,signals_vip_x,"💰💰💰💰💰💰💰💰"
2026-07-07 11:59:48,signals-general,kenji,"after that last one, rsi oversold on GBP/USD, expecting a reversal up small size though."
2026-07-07 12:22:33,signals-general,sarah_k,"hmm anyone else watching EUR/USD today? might be wrong on this one."
2026-07-07 12:29:21,eurusd-desk,PipHunter,"fwiw XAU/USD looks weak here, sell"
2026-07-07 12:38:16,eurusd-desk,NightOwlFX,"morning all, green candles stacking on EUR/USD OTC, momentum is up 📈 thoughts?"
2026-07-07 12:51:59,vip-room,mo_analytics,"what timeframe are you all using for EUR/JPY? could be a fakeout, watching."
2026-07-07 13:56:44,eurusd-desk,marcus_fx,"ok so green candles stacking on USD/JPY, momentum is up 📈"
2026-07-07 14:59:12,vip-room,kenji,"ok so EUR/USD OTC holding the trendline nicely, call on M1 expiry"
2026-07-07 15:03:05,signals-general,mo_analytics,"right, took a loss on USD/JPY, -43.84. bad entry on my part anyone agree?"
2026-07-07 15:25:30,vip-room,signals_vip_x,"sign up bonus with my link — double your money in a week, use promo code WIN2X"
2026-07-07 16:07:25,signals-general,NightOwlFX,"not sure but golden cross forming on USD/CAD 4h, long bias"
2026-07-07 17:06:09,signals-general,elena.trades,"morning all, market's quiet, EUR/USD barely moving"
2026-07-07 17:15:19,eurusd-desk,marcus_fx,"morning all, EUR/USD OTC looking strong above support, taking a call on the M3 small size though."
2026-07-07 17:26:28,signals-general,NightOwlFX,"not sure but EUR/USD OTC downtrend intact, not buying this dip thoughts?"
2026-07-07 17:35:07,signals-general,signals_vip_x,"GUARANTEED 100% WIN RATE SUBSCRIBE NOW discord.gg/notreal"
2026-07-07 17:42:09,vip-room,NightOwlFX,"took a loss on GBP/USD OTC, -39.58. bad entry on my part could be a fakeout, watching."
2026-07-07 17:52:35,vip-room,marcus_fx,"USD/JPY ranging, sitting this one out third time this week."
2026-07-07 18:23:10,signals-general,NightOwlFX,"looking at the 15m and clean breakout on AUD/USD, buying this one could be a fakeout, watching."
2026-07-07 21:41:10,eurusd-desk,tomas,"honestly USD/CAD bounced off the demand zone — bullish for me will post the result after."
2026-07-07 22:38:24,signals-general,quiet_quant,"ok so anyone else watching EUR/USD OTC today? chart's in the other channel."
2026-07-08 06:15:32,vip-room,quiet_quant,"hmm GBP/USD OTC rejected at resistance, putting on the M5 sticking to my plan."
2026-07-08 10:55:53,vip-room,kenji,"hmm EUR/USD rejected at resistance, putting on the M5 same setup as yesterday."
2026-07-08 11:35:47,signals-general,PipHunter,"not sure but green candles stacking on AUD/USD, momentum is up 📈 could be a fakeout, watching."
2026-07-08 12:16:30,vip-room,quiet_quant,"clean breakout on GBP/JPY, buying this one will post the result after."
2026-07-08 12:55:13,eurusd-desk,kenji,"back at the desk. XAU/USD holding the trendline nicely, call on M3 expiry could be a fakeout, watching."
2026-07-08 13:04:31,signals-general,marcus_fx,"morning all, rsi oversold on EUR/USD, expecting a reversal up could be a fakeout, watching."
2026-07-08 13:16:56,signals-general,marcus_fx,"fwiw golden cross forming on USD/JPY 4h, long bias might be wrong on this one."
2026-07-08 13:22:07,eurusd-desk,kenji,"quick one — breakdown below support on EUR/USD, going short thoughts?"
2026-07-08 14:30:36,eurusd-desk,elena.trades,"just checked and rsi oversold on EUR/USD, expecting a reversal up thoughts?"
2026-07-08 16:36:16,signals-general,NightOwlFX,"just checked and red across the board, AUD/USD dumping 📉 could be a fakeout, watching."
2026-07-08 16:56:52,vip-room,elena.trades,"ok so GBP/USD OTC looking strong above support, taking a call on the H1 thoughts?"
2026-07-08 17:14:40,vip-room,dana_r,"back at the desk. clean breakout on EUR/USD, buying this one third time this week."
2026-07-08 17:31:43,signals-general,NightOwlFX,"GBP/USD OTC bounced off the demand zone — bullish for me"
2026-07-08 17:54:58,vip-room,PipHunter,"EUR/USD OTC looking strong above support, taking a call on the M30 let's see how it plays out."
2026-07-08 17:58:42,vip-room,elena.trades,"ok so what timeframe are you all using for GBP/USD? not touching it until the close."
2026-07-08 18:35:39,signals-general,sarah_k,"back at the desk. EUR/USD OTC looks weak here, sell could be a fakeout, watching."
2026-07-08 19:01:23,vip-room,sarah_k,"not sure but rsi oversold on GBP/USD OTC, expecting a reversal up"
2026-07-08 20:08:13,signals-general,PipHunter,"USD/CAD downtrend intact, not buying this dip anyone agree?"
2026-07-08 21:09:12,signals-general,marcus_fx,"GBP/JPY holding the trendline nicely, call on M3 expiry thoughts?"
2026-07-08 22:17:16,signals-general,sarah_k,"back at the desk. rsi oversold on GBP/USD, expecting a reversal up same setup as yesterday."
2026-07-08 22:51:55,eurusd-desk,elena.trades,"how do you handle EUR/USD during rollover? not touching it until the close."
2026-07-09 05:58:51,signals-general,PipHunter,"honestly EUR/USD OTC bounced off the demand zone — bullish for me could be a fakeout, watching."
2026-07-09 07:55:41,vip-room,marcus_fx,"that was a clean win on USD/JPY, +59.38 🚀 thoughts?"
2026-07-09 08:08:18,vip-room,elena.trades,"fwiw GBP/USD looks weak here, sell chart's in the other channel."
2026-07-09 09:38:44,vip-room,NightOwlFX,"looking at the 15m and golden cross forming on USD/JPY 4h, long bias"
2026-07-09 09:52:14,signals-general,sarah_k,"hmm GBP/USD holding the trendline nicely, call on M30 expiry third time this week."
2026-07-09 10:35:28,signals-general,dana_r,"morning all, what timeframe are you all using for BTC/USD? third time this week."
2026-07-09 10:37:03,eurusd-desk,dana_r,"morning all, green candles stacking on EUR/USD, momentum is up 📈 anyone agree?"
2026-07-09 12:11:09,signals-general,promo_bot,"join my vip signal channel, risk-free trading, inbox me now"
2026-07-09 12:44:59,signals-general,sarah_k,"just checked and green candles stacking on BTC/USD, momentum is up 📈 thoughts?"
2026-07-09 14:08:17,signals-general,marcus_fx,"USD/CAD holding the trendline nicely, call on M3 expiry thoughts?"
2026-07-09 14:22:15,vip-room,mo_analytics,"EUR/JPY holding the trendline nicely, call on M30 expiry will post the result after."
2026-07-09 16:26:31,signals-general,quiet_quant,"right, that was a clean win on USD/CAD, +58.21 🚀 let's see how it plays out."
2026-07-09 16:40:39,vip-room,kenji,"green candles stacking on USD/JPY, momentum is up 📈 will post the result after."
2026-07-09 16:40:59,signals-general,tomas,"back at the desk. green candles stacking on USD/JPY, momentum is up 📈 will post the result after."
2026-07-09 16:58:26,eurusd-desk,NightOwlFX,"not sure but AUD/USD bounced off the demand zone — bullish for me could be a fakeout, watching."
2026-07-09 17:10:07,signals-general,dana_r,"morning all, green candles stacking on GBP/USD, momentum is up 📈 might be wrong on this one."
2026-07-09 17:25:08,signals-general,PipHunter,"red across the board, USD/JPY dumping 📉 sticking to my plan."
2026-07-09 17:26:45,vip-room,marcus_fx,"after that last one, AUD/USD looking strong above support, taking a call on the M30"
2026-07-09 17:41:09,eurusd-desk,kenji,"right, EUR/USD rejected at resistance, putting on the H1 same setup as yesterday."
2026-07-09 18:41:14,vip-room,quiet_quant,"right, breakdown below support on GBP/JPY, going short could be a fakeout, watching."
2026-07-09 19:33:28,signals-general,signals_vip_x,"sign up bonus with my link — double your money in a week, use promo code WIN2X"
2026-07-09 20:04:04,signals-general,kenji,"just checked and XAU/USD bounced off the demand zone — bullish for me let's see how it plays out."
2026-07-09 20:22:05,vip-room,sarah_k,"back at the desk. rsi oversold on EUR/USD, expecting a reversal up thoughts?"
2026-07-09 21:39:31,eurusd-desk,PipHunter,"hmm that was a clean win on GBP/USD OTC, +36.42 🚀 will post the result after."
2026-07-09 21:53:16,signals-general,sarah_k,"fwiw EUR/USD OTC holding the trendline nicely, call on M3 expiry anyone agree?"
2026-07-09 22:14:12,signals-general,elena.trades,"looking at the 15m and took a loss on USD/CAD, -30.94. bad entry on my part let's see how it plays out."
2026-07-09 22:56:02,signals-general,kenji,"clean breakout on EUR/USD, buying this one"
2026-07-10 05:29:08,eurusd-desk,mo_analytics,"not sure but EUR/JPY looking strong above support, taking a call on the H1"
2026-07-10 05:56:09,eurusd-desk,tomas,"looking at the 15m and that was a clean win on AUD/USD, +34.51 🚀 same setup as yesterday."
2026-07-10 06:56:56,eurusd-desk,mo_analytics,"GBP/USD looking strong above support, taking a call on the M30 not touching it until the close."
2026-07-10 08:14:29,signals-general,kenji,"right, golden cross forming on EUR/USD 4h, long bias thoughts?"
2026-07-10 09:13:08,signals-general,tomas,"hmm USD/JPY looks weak here, sell could be a fakeout, watching."
2026-07-10 09:16:18,signals-general,kenji,"ok so death cross on EUR/USD, bearish for the session could be a fakeout, watching."
2026-07-10 12:04:15,eurusd-desk,tomas,"ok so took a loss on EUR/USD OTC, -49.39. bad entry on my part sticking to my plan."
2026-07-10 15:01:00,eurusd-desk,marcus_fx,"hmm EUR/JPY rejected at resistance, putting on the M5"
2026-07-10 15:11:31,eurusd-desk,mo_analytics,"morning all, GBP/JPY downtrend intact, not buying this dip could be a fakeout, watching."
2026-07-10 16:22:23,vip-room,kenji,"hmm clean breakout on EUR/USD, buying this one third time this week."
2026-07-10 16:27:57,vip-room,marcus_fx,"USD/CAD looking strong above support, taking a call on the M3 same setup as yesterday."
2026-07-10 17:29:17,vip-room,elena.trades,"honestly EUR/USD downtrend intact, not buying this dip"
2026-07-10 17:39:28,eurusd-desk,PipHunter,"morning all, GBP/USD holding the trendline nicely, call on M30 expiry let's see how it plays out."
2026-07-10 18:01:02,signals-general,dana_r,"red across the board, AUD/USD dumping 📉 sticking to my plan."
2026-07-10 18:35:19,signals-general,dana_r,"morning all, GBP/USD holding the trendline nicely, call on M5 expiry will post the result after."
2026-07-10 18:37:33,vip-room,signals_vip_x,"🚀🚀🚀 JOIN MY VIP GROUP 100% ACCURACY GUARANTEED 🚀🚀🚀 t.me/fakevipsignals"
2026-07-10 19:17:06,signals-general,dana_r,"red across the board, AUD/USD dumping 📉 will post the result after."
2026-07-10 19:19:46,vip-room,quiet_quant,"not sure but EUR/USD holding the trendline nicely, call on M15 expiry chart's in the other channel."
2026-07-10 20:29:24,signals-general,mo_analytics,"hmm USD/CAD holding the trendline nicely, call on M1 expiry might be wrong on this one."
2026-07-11 09:27:13,vip-room,signals_vip_x,"DM me and I can manage your account, guaranteed profit no loss"
2026-07-11 15:43:14,eurusd-desk,marcus_fx,"fwiw overbought rsi on GBP/USD OTC, expecting a drop might be wrong on this one."
2026-07-11 16:44:45,signals-general,quiet_quant,"morning all, overbought rsi on USD/JPY, expecting a drop"
2026-07-12 07:01:48,eurusd-desk,dana_r,"honestly breakdown below support on EUR/JPY, going short same setup as yesterday."
2026-07-12 09:22:29,eurusd-desk,sarah_k,"back at the desk. clean breakout on EUR/USD, buying this one might be wrong on this one."
2026-07-12 15:06:36,signals-general,PipHunter,"back at the desk. EUR/USD OTC looking strong above support, taking a call on the M1"
2026-07-12 16:18:06,eurusd-desk,kenji,"not sure but overbought rsi on EUR/USD OTC, expecting a drop not touching it until the close."
2026-07-12 19:27:09,eurusd-desk,kenji,"honestly USD/CAD holding the trendline nicely, call on M3 expiry anyone agree?"
2026-07-12 20:24:11,eurusd-desk,NightOwlFX,"looking at the 15m and overbought rsi on BTC/USD, expecting a drop will post the result after."
2026-07-12 22:38:38,signals-general,tomas,"green candles stacking on AUD/USD, momentum is up 📈 chart's in the other channel."
2026-07-13 05:47:33,eurusd-desk,signals_vip_x,"sign up bonus with my link — double your money in a week, use promo code WIN2X"
2026-07-13 06:34:12,vip-room,PipHunter,"green candles stacking on EUR/JPY, momentum is up 📈 anyone agree?"
2026-07-13 06:36:04,vip-room,mo_analytics,"right, AUD/USD holding the trendline nicely, call on M15 expiry same setup as yesterday."
2026-07-13 07:06:05,signals-general,NightOwlFX,"does anyone have data on EUR/USD otc payouts? small size though."
2026-07-13 07:36:34,signals-general,mo_analytics,"morning all, that was a clean win on BTC/USD, +34.31 🚀 third time this week."
2026-07-13 07:38:33,vip-room,kenji,"quick one — that was a clean win on USD/CAD, +26.38 🚀 sticking to my plan."
2026-07-13 07:59:59,vip-room,PipHunter,"morning all, overbought rsi on EUR/USD, expecting a drop"
2026-07-13 08:20:04,signals-general,tomas,"back at the desk. green candles stacking on EUR/USD, momentum is up 📈 chart's in the other channel."
2026-07-13 09:08:22,signals-general,mo_analytics,"honestly what timeframe are you all using for GBP/USD? third time this week."
2026-07-13 09:22:15,signals-general,PipHunter,"morning all, does anyone have data on EUR/JPY otc payouts? small size though."
2026-07-13 09:26:17,signals-general,PipHunter,"quick one — rsi oversold on EUR/USD, expecting a reversal up not touching it until the close."
2026-07-13 10:03:54,vip-room,NightOwlFX,"back at the desk. sideways chop on AUD/USD, no clean setup"
2026-07-13 10:22:47,signals-general,mo_analytics,"ok so how do you handle GBP/USD during rollover? let's see how it plays out."
2026-07-13 10:40:48,vip-room,PipHunter,"rsi oversold on GBP/USD OTC, expecting a reversal up will post the result after."
2026-07-13 12:04:26,eurusd-desk,tomas,"just checked and death cross on GBP/USD, bearish for the session same setup as yesterday."
2026-07-13 12:16:44,vip-room,dana_r,"back at the desk. took a loss on EUR/USD, -52.59. bad entry on my part not touching it until the close."
2026-07-13 14:21:38,signals-general,tomas,"not sure but clean breakout on USD/JPY, buying this one will post the result after."
2026-07-13 15:47:22,signals-general,sarah_k,"rsi oversold on GBP/JPY, expecting a reversal up anyone agree?"
2026-07-13 16:06:31,eurusd-desk,quiet_quant,"after that last one, USD/JPY looking strong above support, taking a call on the M1"
2026-07-13 17:00:11,vip-room,kenji,"fwiw that was a clean win on USD/JPY, +42.87 🚀 thoughts?"
2026-07-13 17:15:39,signals-general,PipHunter,"ok so waiting for the news at 13:30 before touching BTC/USD sticking to my plan."
2026-07-13 18:06:31,eurusd-desk,mo_analytics,"looking at the 15m and death cross on GBP/USD, bearish for the session"
2026-07-13 18:54:15,vip-room,sarah_k,"ok so EUR/USD rejected at resistance, putting on the M30 could be a fakeout, watching."
2026-07-13 22:28:37,vip-room,tomas,"honestly that was a clean win on EUR/USD OTC, +37.82 🚀 thoughts?"
2026-07-13 22:42:06,eurusd-desk,sarah_k,"quick one — GBP/USD OTC looking strong above support, taking a call on the M5 anyone agree?"
2026-07-14 06:07:59,vip-room,marcus_fx,"not sure but does anyone have data on GBP/USD OTC otc payouts? anyone agree?"
2026-07-14 06:51:27,eurusd-desk,mo_analytics,"red across the board, GBP/USD OTC dumping 📉 anyone agree?"
2026-07-14 07:46:08,vip-room,tomas,"fwiw took a loss on EUR/USD OTC, -48.70. bad entry on my part third time this week."
2026-07-14 08:10:59,eurusd-desk,elena.trades,"morning all, EUR/JPY looks weak here, sell not touching it until the close."
2026-07-14 09:07:26,signals-general,sarah_k,"AUD/USD downtrend intact, not buying this dip sticking to my plan."
2026-07-14 10:12:08,signals-general,marcus_fx,"ok so EUR/USD OTC looks weak here, sell"
2026-07-14 10:47:25,eurusd-desk,mo_analytics,"looking at the 15m and rsi oversold on USD/JPY, expecting a reversal up"
2026-07-14 11:36:21,signals-general,sarah_k,"just checked and red across the board, BTC/USD dumping 📉 small size though."
2026-07-14 11:36:48,eurusd-desk,NightOwlFX,"overbought rsi on GBP/USD, expecting a drop thoughts?"
2026-07-14 12:56:22,vip-room,quiet_quant,"just checked and anyone else watching EUR/USD OTC today? might be wrong on this one."
2026-07-14 14:52:26,vip-room,marcus_fx,"morning all, GBP/USD downtrend intact, not buying this dip chart's in the other channel."
2026-07-14 15:04:20,signals-general,NightOwlFX,"morning all, that was a clean win on GBP/USD, +17.58 🚀 third time this week."
2026-07-14 15:36:04,signals-general,signals_vip_x,"join my vip signal channel, risk-free trading, inbox me now"
2026-07-14 16:13:18,vip-room,kenji,"honestly how do you handle EUR/USD during rollover? small size though."
2026-07-14 16:47:14,signals-general,PipHunter,"looking at the 15m and AUD/USD downtrend intact, not buying this dip sticking to my plan."
2026-07-14 18:15:13,eurusd-desk,tomas,"looking at the 15m and red across the board, EUR/USD OTC dumping 📉 thoughts?"
2026-07-14 18:28:45,signals-general,mo_analytics,"just checked and breakdown below support on EUR/USD OTC, going short could be a fakeout, watching."
2026-07-14 19:05:25,vip-room,sarah_k,"looking at the 15m and USD/JPY looking strong above support, taking a call on the M30 thoughts?"
2026-07-14 19:55:38,vip-room,NightOwlFX,"quick one — took a loss on GBP/JPY, -51.26. bad entry on my part"
2026-07-14 20:07:17,eurusd-desk,elena.trades,"USD/JPY rejected at resistance, putting on the M1 will post the result after."
2026-07-14 20:34:30,signals-general,dana_r,"just checked and that was a clean win on USD/JPY, +29.52 🚀 sticking to my plan."
2026-07-14 20:58:08,eurusd-desk,quiet_quant,"golden cross forming on EUR/USD 4h, long bias sticking to my plan."
2026-07-14 21:20:15,vip-room,sarah_k,"after that last one, death cross on GBP/USD, bearish for the session"
2026-07-15 05:11:51,vip-room,PipHunter,"rsi oversold on USD/JPY, expecting a reversal up same setup as yesterday."
2026-07-15 05:49:01,signals-general,NightOwlFX,"quick one — breakdown below support on EUR/JPY, going short chart's in the other channel."
2026-07-15 08:03:16,signals-general,sarah_k,"USD/JPY ranging, sitting this one out thoughts?"
2026-07-15 08:37:56,signals-general,NightOwlFX,"honestly took a loss on AUD/USD, -15.75. bad entry on my part chart's in the other channel."
2026-07-15 09:15:33,vip-room,elena.trades,"market's quiet, EUR/USD barely moving chart's in the other channel."
2026-07-15 10:38:17,vip-room,mo_analytics,"after that last one, anyone else watching XAU/USD today?"
2026-07-15 11:45:04,signals-general,NightOwlFX,"honestly GBP/JPY looking strong above support, taking a call on the M15 anyone agree?"
2026-07-15 11:54:16,eurusd-desk,PipHunter,"quick one — breakdown below support on EUR/JPY, going short"
2026-07-15 12:14:28,vip-room,elena.trades,"not sure but market's quiet, EUR/JPY barely moving let's see how it plays out."
2026-07-15 14:07:59,eurusd-desk,quiet_quant,"back at the desk. waiting for the news at 13:30 before touching GBP/USD anyone agree?"
2026-07-15 15:12:16,signals-general,mo_analytics,"hmm rsi oversold on EUR/USD, expecting a reversal up third time this week."
2026-07-15 15:16:57,eurusd-desk,kenji,"quick one — does anyone have data on GBP/USD OTC otc payouts? will post the result after."
2026-07-15 15:42:42,vip-room,mo_analytics,"looking at the 15m and golden cross forming on EUR/USD 4h, long bias thoughts?"
2026-07-15 16:28:24,signals-general,elena.trades,"honestly overbought rsi on GBP/USD OTC, expecting a drop sticking to my plan."
2026-07-15 17:29:45,signals-general,sarah_k,"honestly breakdown below support on USD/CAD, going short anyone agree?"
2026-07-15 17:50:42,vip-room,signals_vip_x,"DM me and I can manage your account, guaranteed profit no loss"
2026-07-15 19:31:59,eurusd-desk,kenji,"morning all, BTC/USD rejected at resistance, putting on the M1"
2026-07-15 21:24:44,vip-room,dana_r,"hmm breakdown below support on GBP/USD, going short let's see how it plays out."
2026-07-15 22:15:25,eurusd-desk,kenji,"back at the desk. death cross on GBP/USD OTC, bearish for the session let's see how it plays out."
2026-07-15 22:46:44,signals-general,NightOwlFX,"rsi oversold on EUR/USD, expecting a reversal up might be wrong on this one."
2026-07-16 09:16:53,signals-general,marcus_fx,"not sure but does anyone have data on EUR/USD otc payouts? let's see how it plays out."
2026-07-16 12:14:27,vip-room,quiet_quant,"honestly EUR/USD OTC looking strong above support, taking a call on the M3"
2026-07-16 12:36:06,signals-general,dana_r,"hmm USD/JPY holding the trendline nicely, call on M15 expiry thoughts?"
2026-07-16 13:56:16,eurusd-desk,kenji,"hmm EUR/JPY rejected at resistance, putting on the M15 could be a fakeout, watching."
2026-07-16 16:18:36,eurusd-desk,quiet_quant,"not sure but red across the board, EUR/USD dumping 📉 thoughts?"
2026-07-16 16:20:41,vip-room,dana_r,"after that last one, red across the board, GBP/JPY dumping 📉"
2026-07-16 16:29:57,eurusd-desk,PipHunter,"quick one — death cross on EUR/USD, bearish for the session third time this week."
2026-07-16 17:16:49,signals-general,kenji,"back at the desk. green candles stacking on GBP/USD, momentum is up 📈 sticking to my plan."
2026-07-16 17:37:22,vip-room,tomas,"not sure but how do you handle GBP/JPY during rollover? thoughts?"
2026-07-16 20:58:11,signals-general,quiet_quant,"EUR/USD rejected at resistance, putting on the M30"
2026-07-16 22:34:46,eurusd-desk,sarah_k,"back at the desk. took a loss on EUR/USD, -32.67. bad entry on my part same setup as yesterday."
2026-07-17 06:03:55,vip-room,PipHunter,"right, green candles stacking on EUR/JPY, momentum is up 📈 same setup as yesterday."
2026-07-17 07:55:00,vip-room,PipHunter,"ok so golden cross forming on EUR/USD OTC 4h, long bias"
2026-07-17 13:07:47,eurusd-desk,elena.trades,"fwiw that was a clean win on AUD/USD, +43.32 🚀 not touching it until the close."
2026-07-17 13:25:42,signals-general,kenji,"fwiw GBP/USD downtrend intact, not buying this dip thoughts?"
2026-07-17 13:33:34,vip-room,quiet_quant,"quick one — golden cross forming on EUR/JPY 4h, long bias third time this week."
2026-07-17 13:35:13,signals-general,sarah_k,"not sure but green candles stacking on USD/CAD, momentum is up 📈"
2026-07-17 18:17:40,eurusd-desk,PipHunter,"after that last one, golden cross forming on BTC/USD 4h, long bias"
2026-07-17 20:03:19,eurusd-desk,NightOwlFX,"just checked and took a loss on EUR/USD OTC, -41.01. bad entry on my part anyone agree?"
2026-07-17 21:02:11,vip-room,PipHunter,"green candles stacking on GBP/JPY, momentum is up 📈 chart's in the other channel."
2026-07-17 21:42:34,signals-general,kenji,"not sure but market's quiet, EUR/USD barely moving small size though."
2026-07-17 21:53:09,vip-room,mo_analytics,"after that last one, clean breakout on EUR/USD OTC, buying this one thoughts?"
2026-07-17 21:58:19,signals-general,quiet_quant,"right, GBP/USD ranging, sitting this one out not touching it until the close."
2026-07-17 22:40:25,vip-room,marcus_fx,"quick one — GBP/JPY looking strong above support, taking a call on the H1 small size though."
2026-07-18 12:23:34,eurusd-desk,PipHunter,"honestly breakdown below support on GBP/USD OTC, going short small size though."
2026-07-18 14:26:03,signals-general,quiet_quant,"honestly GBP/USD OTC looks weak here, sell chart's in the other channel."
2026-07-18 21:14:10,eurusd-desk,sarah_k,"morning all, anyone else watching EUR/JPY today? thoughts?"
2026-07-19 09:00:53,signals-general,dana_r,"hmm EUR/USD holding the trendline nicely, call on M15 expiry same setup as yesterday."
2026-07-19 09:28:14,eurusd-desk,mo_analytics,"fwiw death cross on BTC/USD, bearish for the session same setup as yesterday."
2026-07-19 19:06:29,vip-room,sarah_k,"golden cross forming on GBP/JPY 4h, long bias same setup as yesterday."
2026-07-19 21:17:16,eurusd-desk,elena.trades,"green candles stacking on EUR/JPY, momentum is up 📈 could be a fakeout, watching."
2026-07-19 22:15:37,signals-general,marcus_fx,"fwiw clean breakout on EUR/USD, buying this one could be a fakeout, watching."
2026-07-19 22:37:07,signals-general,tomas,"morning all, waiting for the news at 13:30 before touching EUR/USD third time this week."
2026-07-20 05:32:48,eurusd-desk,dana_r,"looking at the 15m and golden cross forming on USD/JPY 4h, long bias"
2026-07-20 05:47:42,signals-general,mo_analytics,"looking at the 15m and overbought rsi on BTC/USD, expecting a drop will post the result after."
2026-07-20 06:04:15,vip-room,elena.trades,"just checked and overbought rsi on EUR/USD, expecting a drop"
2026-07-20 08:53:45,signals-general,dana_r,"honestly BTC/USD rejected at resistance, putting on the M15 small size though."
2026-07-20 10:14:58,eurusd-desk,PipHunter,"red across the board, USD/JPY dumping 📉 let's see how it plays out."
2026-07-20 11:37:41,vip-room,NightOwlFX,"hmm red across the board, USD/JPY dumping 📉"
2026-07-20 12:19:13,eurusd-desk,PipHunter,"just checked and GBP/JPY bounced off the demand zone — bullish for me thoughts?"
2026-07-20 12:25:59,eurusd-desk,signals_vip_x,"🚀🚀🚀 JOIN MY VIP GROUP 100% ACCURACY GUARANTEED 🚀🚀🚀 t.me/fakevipsignals"
2026-07-20 13:04:50,vip-room,kenji,"fwiw green candles stacking on EUR/JPY, momentum is up 📈"
2026-07-20 15:06:36,vip-room,PipHunter,"just checked and GBP/USD OTC holding the trendline nicely, call on M3 expiry anyone agree?"
2026-07-20 15:19:32,eurusd-desk,quiet_quant,"death cross on GBP/USD, bearish for the session small size though."
2026-07-20 15:49:28,vip-room,sarah_k,"morning all, sideways chop on EUR/USD, no clean setup will post the result after."
2026-07-20 16:06:09,vip-room,dana_r,"right, breakdown below support on GBP/JPY, going short anyone agree?"
2026-07-20 16:35:53,signals-general,marcus_fx,"not sure but anyone else watching EUR/USD today? let's see how it plays out."
2026-07-20 17:57:53,eurusd-desk,kenji,"hmm market's quiet, GBP/JPY barely moving thoughts?"
2026-07-20 19:12:21,vip-room,marcus_fx,"quick one — red across the board, GBP/JPY dumping 📉 same setup as yesterday."
2026-07-20 19:26:26,vip-room,mo_analytics,"morning all, that was a clean win on XAU/USD, +39.79 🚀 anyone agree?"
2026-07-20 19:37:44,vip-room,tomas,"ok so green candles stacking on GBP/USD, momentum is up 📈"
2026-07-20 21:49:47,vip-room,NightOwlFX,"fwiw does anyone have data on GBP/USD OTC otc payouts? thoughts?"
2026-07-20 21:59:18,signals-general,sarah_k,"back at the desk. EUR/JPY looks weak here, sell small size though."
2026-07-20 22:44:16,signals-general,marcus_fx,"right, green candles stacking on GBP/USD, momentum is up 📈 same setup as yesterday."
2026-07-21 05:36:44,vip-room,tomas,"morning all, clean breakout on AUD/USD, buying this one let's see how it plays out."
2026-07-21 06:11:10,signals-general,kenji,"just checked and red across the board, EUR/USD OTC dumping 📉 not touching it until the close."
2026-07-21 06:35:19,vip-room,tomas,"just checked and GBP/USD OTC looks weak here, sell third time this week."
2026-07-21 07:41:26,signals-general,tomas,"fwiw waiting for the news at 13:30 before touching EUR/USD will post the result after."
2026-07-21 08:05:07,eurusd-desk,dana_r,"after that last one, green candles stacking on BTC/USD, momentum is up 📈 not touching it until the close."
2026-07-21 12:41:25,signals-general,NightOwlFX,"looking at the 15m and golden cross forming on AUD/USD 4h, long bias"
2026-07-21 16:44:26,vip-room,dana_r,"after that last one, BTC/USD bounced off the demand zone — bullish for me let's see how it plays out."
2026-07-21 16:52:13,vip-room,dana_r,"ok so overbought rsi on GBP/USD, expecting a drop could be a fakeout, watching."
2026-07-21 20:00:09,vip-room,elena.trades,"fwiw rsi oversold on EUR/USD OTC, expecting a reversal up could be a fakeout, watching."
2026-07-21 20:50:54,vip-room,dana_r,"ok so green candles stacking on USD/JPY, momentum is up 📈 third time this week."
2026-07-21 20:57:02,eurusd-desk,quiet_quant,"back at the desk. overbought rsi on EUR/USD, expecting a drop small size though."
2026-07-22 05:10:41,eurusd-desk,sarah_k,"looking at the 15m and AUD/USD downtrend intact, not buying this dip chart's in the other channel."
2026-07-22 06:13:55,eurusd-desk,NightOwlFX,"hmm does anyone have data on GBP/USD otc payouts?"
2026-07-22 08:11:46,vip-room,sarah_k,"back at the desk. death cross on EUR/USD, bearish for the session"
2026-07-22 10:10:18,signals-general,NightOwlFX,"quick one — rsi oversold on AUD/USD, expecting a reversal up"
2026-07-22 12:32:04,signals-general,quiet_quant,"morning all, market's quiet, EUR/USD barely moving"
2026-07-22 12:39:18,signals-general,quiet_quant,"ok so golden cross forming on EUR/USD OTC 4h, long bias"
2026-07-22 13:55:40,eurusd-desk,NightOwlFX,"honestly overbought rsi on GBP/USD, expecting a drop might be wrong on this one."
2026-07-22 14:49:01,vip-room,sarah_k,"hmm GBP/USD looks weak here, sell sticking to my plan."
2026-07-22 15:38:20,signals-general,elena.trades,"looking at the 15m and EUR/USD OTC bounced off the demand zone — bullish for me could be a fakeout, watching."
2026-07-22 16:06:33,eurusd-desk,NightOwlFX,"hmm GBP/USD OTC downtrend intact, not buying this dip let's see how it plays out."
2026-07-22 16:40:34,signals-general,PipHunter,"not sure but breakdown below support on EUR/USD, going short will post the result after."
2026-07-22 16:55:40,eurusd-desk,quiet_quant,"quick one — EUR/USD OTC downtrend intact, not buying this dip will post the result after."
2026-07-22 16:57:08,eurusd-desk,tomas,"back at the desk. EUR/USD OTC bounced off the demand zone — bullish for me small size though."
2026-07-22 17:03:38,signals-general,sarah_k,"right, anyone else watching EUR/USD today? let's see how it plays out."
2026-07-22 18:02:50,eurusd-desk,dana_r,"honestly USD/JPY holding the trendline nicely, call on M30 expiry chart's in the other channel."
2026-07-22 18:08:17,eurusd-desk,tomas,"not sure but overbought rsi on EUR/USD OTC, expecting a drop"
2026-07-22 19:35:41,signals-general,quiet_quant,"EUR/JPY holding the trendline nicely, call on H1 expiry"
2026-07-22 22:08:59,signals-general,signals_vip_x,"sign up bonus with my link — double your money in a week, use promo code WIN2X"
2026-07-22 22:15:22,vip-room,PipHunter,"just checked and golden cross forming on EUR/USD OTC 4h, long bias small size though."
2026-07-22 22:24:00,signals-general,marcus_fx,"EUR/USD holding the trendline nicely, call on M3 expiry will post the result after."
2026-07-23 05:30:46,vip-room,marcus_fx,"after that last one, red across the board, XAU/USD dumping 📉 thoughts?"
2026-07-23 07:21:51,eurusd-desk,quiet_quant,"how do you handle USD/JPY during rollover?"
2026-07-23 07:34:18,eurusd-desk,kenji,"took a loss on USD/JPY, -38.32. bad entry on my part"
2026-07-23 08:02:04,signals-general,tomas,"just checked and green candles stacking on EUR/USD, momentum is up 📈 not touching it until the close."
2026-07-23 09:14:33,vip-room,NightOwlFX,"not sure but took a loss on EUR/USD, -49.59. bad entry on my part same setup as yesterday."
2026-07-23 11:31:28,vip-room,dana_r,"XAU/USD looks weak here, sell might be wrong on this one."
2026-07-23 12:58:26,eurusd-desk,NightOwlFX,"ok so that was a clean win on EUR/USD, +45.72 🚀 chart's in the other channel."
2026-07-23 13:22:29,signals-general,dana_r,"ok so took a loss on EUR/USD, -17.25. bad entry on my part let's see how it plays out."
2026-07-23 14:14:41,vip-room,quiet_quant,"honestly AUD/USD ranging, sitting this one out"
2026-07-23 15:08:50,vip-room,marcus_fx,"hmm GBP/JPY holding the trendline nicely, call on M30 expiry anyone agree?"
2026-07-23 16:16:59,vip-room,quiet_quant,"EUR/JPY bounced off the demand zone — bullish for me same setup as yesterday."
2026-07-23 16:30:44,eurusd-desk,mo_analytics,"not sure but rsi oversold on BTC/USD, expecting a reversal up sticking to my plan."
2026-07-23 17:26:47,eurusd-desk,quiet_quant,"fwiw rsi oversold on GBP/USD, expecting a reversal up let's see how it plays out."
2026-07-23 17:49:33,eurusd-desk,marcus_fx,"after that last one, green candles stacking on EUR/USD, momentum is up 📈 could be a fakeout, watching."
2026-07-23 19:28:49,eurusd-desk,quiet_quant,"hmm BTC/USD rejected at resistance, putting on the M5 thoughts?"
2026-07-23 19:46:43,signals-general,kenji,"after that last one, EUR/USD looks weak here, sell will post the result after."
2026-07-23 20:34:20,signals-general,dana_r,"back at the desk. USD/CAD rejected at resistance, putting on the M1 chart's in the other channel."
2026-07-23 21:09:51,vip-room,dana_r,"back at the desk. overbought rsi on EUR/USD, expecting a drop same setup as yesterday."
2026-07-23 21:10:53,vip-room,elena.trades,"not sure but clean breakout on GBP/USD, buying this one chart's in the other channel."
2026-07-23 21:27:01,signals-general,kenji,"not sure but took a loss on AUD/USD, -56.76. bad entry on my part chart's in the other channel."
2026-07-23 22:15:14,eurusd-desk,dana_r,"back at the desk. breakdown below support on EUR/USD, going short same setup as yesterday."
2026-07-24 05:37:51,vip-room,dana_r,"fwiw what timeframe are you all using for BTC/USD? could be a fakeout, watching."
2026-07-24 08:14:02,signals-general,tomas,"back at the desk. BTC/USD downtrend intact, not buying this dip sticking to my plan."
2026-07-24 08:22:56,vip-room,elena.trades,"XAU/USD holding the trendline nicely, call on M5 expiry let's see how it plays out."
2026-07-24 09:13:59,vip-room,marcus_fx,"anyone else watching USD/CAD today? chart's in the other channel."
2026-07-24 09:21:49,eurusd-desk,elena.trades,"EUR/USD bounced off the demand zone — bullish for me could be a fakeout, watching."
2026-07-24 10:05:56,eurusd-desk,mo_analytics,"honestly death cross on USD/JPY, bearish for the session third time this week."
2026-07-24 11:50:11,eurusd-desk,PipHunter,"back at the desk. BTC/USD looking strong above support, taking a call on the M3 thoughts?"
2026-07-24 12:18:22,vip-room,tomas,"fwiw golden cross forming on GBP/JPY 4h, long bias same setup as yesterday."
2026-07-24 13:59:01,vip-room,NightOwlFX,"not sure but GBP/JPY bounced off the demand zone — bullish for me might be wrong on this one."
2026-07-24 14:41:06,vip-room,marcus_fx,"just checked and death cross on GBP/USD OTC, bearish for the session small size though."
2026-07-24 14:41:56,vip-room,NightOwlFX,"clean breakout on EUR/USD, buying this one small size though."
2026-07-24 16:15:00,vip-room,tomas,"just checked and waiting for the news at 13:30 before touching USD/JPY let's see how it plays out."
2026-07-24 16:20:08,eurusd-desk,PipHunter,"EUR/JPY rejected at resistance, putting on the M3"
2026-07-24 16:24:58,vip-room,dana_r,"back at the desk. what timeframe are you all using for USD/CAD? might be wrong on this one."
2026-07-24 16:40:13,vip-room,NightOwlFX,"breakdown below support on GBP/USD, going short might be wrong on this one."
2026-07-24 17:32:38,signals-general,promo_bot,"DM me and I can manage your account, guaranteed profit no loss"
2026-07-24 18:37:46,eurusd-desk,PipHunter,"ok so sideways chop on EUR/USD, no clean setup"
2026-07-24 19:37:53,vip-room,dana_r,"morning all, red across the board, EUR/USD dumping 📉 could be a fakeout, watching."
2026-07-24 20:07:25,signals-general,sarah_k,"not sure but GBP/USD bounced off the demand zone — bullish for me third time this week."
2026-07-24 22:25:21,vip-room,marcus_fx,"red across the board, USD/CAD dumping 📉 same setup as yesterday."
2026-07-24 22:29:04,signals-general,marcus_fx,"quick one — golden cross forming on AUD/USD 4h, long bias anyone agree?"
2026-07-24 22:36:14,eurusd-desk,NightOwlFX,"honestly breakdown below support on USD/JPY, going short could be a fakeout, watching."
