Entry Time,Expiry Time,Asset,Direction,Timeframe,Result,Stake,Payout %,P/L,Confidence,Provider
2026-04-24 06:41:00,2026-04-24 06:42:00,GBP/USD,SELL,M1,loss,50.00,0.82,-50.00,0.71,TelegramVIPSignals
2026-04-24 06:50:00,2026-04-24 06:51:00,BTC/USD,SELL,M1,win,5.00,0.68,3.40,0.61,QuantEdge Bot
2026-04-24 07:35:00,2026-04-24 07:40:00,GBP/JPY,SELL,M5,win,10.00,0.79,7.90,0.85,Manual — own analysis
2026-04-24 09:13:00,2026-04-24 09:18:00,EUR/USD,BUY,M5,win,10.00,0.82,8.20,0.63,TelegramVIPSignals
2026-04-24 10:32:00,2026-04-24 10:47:00,USD/JPY,BUY,M15,loss,25.00,0.83,-25.00,0.58,AlphaPips Room
2026-04-24 10:59:00,2026-04-24 11:04:00,EUR/USD,SELL,M5,win,50.00,0.80,40.00,0.61,QuantEdge Bot
2026-04-24 11:39:00,2026-04-24 11:40:00,GBP/USD,SELL,M1,loss,5.00,0.82,-5.00,0.67,AlphaPips Room
2026-04-24 12:14:00,2026-04-24 12:29:00,GBP/USD,BUY,M15,loss,10.00,0.77,-10.00,0.65,QuantEdge Bot
2026-04-24 12:52:00,2026-04-24 12:55:00,AUD/USD,SELL,M3,win,20.00,0.81,16.20,0.85,AlphaPips Room
2026-04-24 15:51:00,2026-04-24 15:56:00,XAU/USD,SELL,M5,draw,5.00,0.75,0.00,0.62,Manual — own analysis
2026-04-24 19:03:00,2026-04-24 19:18:00,USD/CAD,SELL,M15,loss,10.00,0.82,-10.00,0.93,Manual — own analysis
2026-04-24 19:57:00,2026-04-24 20:00:00,EUR/USD OTC,SELL,M3,loss,50.00,0.84,-50.00,0.71,AlphaPips Room
2026-05-02 10:15:00,,NOTANASSET,SIDEWAYS,M5,win,10.00,0.80,8.00,0.71,AlphaPips Room
2026-04-25 18:58:00,2026-04-25 19:01:00,XAU/USD,SELL,M3,win,5.00,0.77,3.85,0.67,Manual — own analysis
2026-04-26 12:19:00,2026-04-26 12:24:00,EUR/USD,BUY,M5,win,20.00,0.80,16.00,0.81,Manual — own analysis
2026-04-26 17:53:00,2026-04-26 18:53:00,GBP/USD OTC,BUY,H1,loss,20.00,0.86,-20.00,0.76,Daily Binary Club
2026-04-26 19:25:00,2026-04-26 19:30:00,EUR/JPY,BUY,M5,loss,5.00,0.78,-5.00,0.72,Daily Binary Club
2026-04-27 06:42:00,2026-04-27 06:43:00,EUR/USD OTC,BUY,M1,win,20.00,0.87,17.40,0.68,AlphaPips Room
2026-04-27 09:49:00,2026-04-27 09:52:00,GBP/JPY,SELL,M3,loss,5.00,0.76,-5.00,0.76,Daily Binary Club
2026-04-27 10:49:00,2026-04-27 11:04:00,EUR/USD OTC,SELL,M15,loss,25.00,0.86,-25.00,0.93,Manual — own analysis
2026-04-27 12:24:00,2026-04-27 12:29:00,GBP/USD OTC,BUY,M5,loss,10.00,0.82,-10.00,0.70,AlphaPips Room
2026-04-27 12:38:00,2026-04-27 12:41:00,XAU/USD,SELL,M3,win,10.00,0.73,7.30,0.58,QuantEdge Bot
2026-04-27 13:44:00,2026-04-27 13:49:00,EUR/JPY,SELL,M5,win,25.00,0.79,19.75,0.88,AlphaPips Room
2026-04-27 14:46:00,2026-04-27 14:51:00,EUR/USD OTC,SELL,M5,win,50.00,0.84,42.00,0.84,Daily Binary Club
2026-04-27 16:45:00,2026-04-27 16:48:00,EUR/USD,BUY,M3,loss,10.00,0.81,-10.00,0.90,Daily Binary Club
2026-04-27 17:01:00,2026-04-27 17:06:00,USD/CAD,SELL,M5,win,10.00,0.81,8.10,0.59,Daily Binary Club
2026-04-27 17:07:00,2026-04-27 17:22:00,EUR/USD,SELL,M15,loss,20.00,0.83,-20.00,0.74,Manual — own analysis
2026-04-27 18:27:00,2026-04-27 18:30:00,EUR/USD,BUY,M3,loss,25.00,0.81,-25.00,0.83,AlphaPips Room
2026-04-28 07:38:00,2026-04-28 07:43:00,AUD/USD,BUY,M5,win,25.00,0.79,19.75,0.75,TelegramVIPSignals
2026-04-28 14:52:00,2026-04-28 14:53:00,GBP/USD OTC,SELL,M1,win,5.00,0.86,4.30,0.63,Daily Binary Club
2026-04-28 16:31:00,2026-04-28 16:46:00,GBP/JPY,SELL,M15,loss,50.00,0.76,-50.00,0.84,QuantEdge Bot
2026-04-28 18:34:00,2026-04-28 18:35:00,GBP/USD OTC,SELL,M1,loss,10.00,0.86,-10.00,0.60,Manual — own analysis
2026-04-28 19:05:00,2026-04-28 19:20:00,AUD/USD,BUY,M15,win,10.00,0.78,7.80,0.80,QuantEdge Bot
2026-04-28 19:54:00,2026-04-28 19:59:00,BTC/USD,SELL,M5,win,50.00,0.69,34.50,0.70,Daily Binary Club
2026-04-29 06:05:00,2026-04-29 06:20:00,GBP/JPY,SELL,M15,loss,50.00,0.76,-50.00,0.84,AlphaPips Room
2026-04-29 06:05:00,2026-04-29 06:08:00,AUD/USD,BUY,M3,loss,50.00,0.80,-50.00,0.57,Manual — own analysis
2026-04-29 06:12:00,2026-04-29 06:17:00,EUR/USD OTC,BUY,M5,win,10.00,0.87,8.70,0.58,AlphaPips Room
2026-04-29 09:09:00,2026-04-29 09:14:00,EUR/JPY,BUY,M5,win,20.00,0.82,16.40,0.56,QuantEdge Bot
2026-04-29 12:20:00,2026-04-29 12:25:00,EUR/USD,BUY,M5,win,50.00,0.80,40.00,0.74,QuantEdge Bot
2026-04-29 15:01:00,2026-04-29 15:06:00,USD/CAD,BUY,M5,draw,25.00,0.77,0.00,0.92,AlphaPips Room
2026-04-29 16:25:00,2026-04-29 16:30:00,EUR/JPY,BUY,M5,loss,20.00,0.81,-20.00,0.72,Manual — own analysis
2026-04-29 16:31:00,2026-04-29 16:36:00,EUR/JPY,BUY,M5,win,5.00,0.80,4.00,0.66,TelegramVIPSignals
2026-04-29 17:21:00,2026-04-29 17:36:00,GBP/JPY,SELL,M15,win,20.00,0.80,16.00,0.70,QuantEdge Bot
2026-04-29 19:35:00,2026-04-29 19:38:00,EUR/USD,BUY,M3,loss,25.00,0.79,-25.00,0.70,Daily Binary Club
2026-04-30 06:40:00,2026-04-30 06:55:00,USD/CAD,BUY,M15,win,25.00,0.81,20.25,0.66,QuantEdge Bot
2026-04-30 08:16:00,2026-04-30 08:17:00,EUR/USD OTC,SELL,M1,draw,50.00,0.88,0.00,0.81,AlphaPips Room
2026-04-30 13:32:00,2026-04-30 13:33:00,GBP/USD,SELL,M1,win,25.00,0.82,20.50,0.82,QuantEdge Bot
2026-04-30 17:25:00,2026-04-30 17:26:00,USD/CAD,SELL,M1,loss,50.00,0.78,-50.00,0.66,AlphaPips Room
2026-04-30 19:55:00,2026-04-30 20:25:00,GBP/JPY,SELL,M30,loss,5.00,0.76,-5.00,0.60,Daily Binary Club
2026-05-01 06:24:00,2026-05-01 06:29:00,USD/CAD,SELL,M5,win,5.00,0.78,3.90,0.87,QuantEdge Bot
2026-05-01 10:14:00,2026-05-01 10:15:00,GBP/USD OTC,BUY,M1,win,50.00,0.82,41.00,0.76,Manual — own analysis
2026-05-01 10:56:00,2026-05-01 11:01:00,GBP/USD,BUY,M5,loss,10.00,0.80,-10.00,0.68,Manual — own analysis
2026-05-01 14:12:00,2026-05-01 15:12:00,GBP/USD,BUY,H1,loss,20.00,0.79,-20.00,0.69,AlphaPips Room
2026-05-02 14:34:00,2026-05-02 14:49:00,USD/JPY,BUY,M15,win,20.00,0.79,15.80,0.64,AlphaPips Room
2026-05-03 16:06:00,2026-05-03 16:09:00,USD/JPY,BUY,M3,win,25.00,0.80,20.00,0.88,QuantEdge Bot
2026-05-04 06:31:00,2026-05-04 06:32:00,GBP/USD,SELL,M1,loss,10.00,0.78,-10.00,0.79,Daily Binary Club
2026-05-04 09:21:00,2026-05-04 09:36:00,USD/JPY,SELL,M15,win,10.00,0.79,7.90,0.70,AlphaPips Room
2026-05-04 10:33:00,2026-05-04 10:34:00,BTC/USD,BUY,M1,win,5.00,0.67,3.35,0.67,Daily Binary Club
2026-05-04 13:57:00,2026-05-04 14:02:00,EUR/USD,SELL,M5,win,50.00,0.81,40.50,0.90,QuantEdge Bot
2026-05-04 15:53:00,2026-05-04 15:58:00,EUR/USD,SELL,M5,loss,5.00,0.79,-5.00,0.69,TelegramVIPSignals
,,EUR/USD,BUY,M5,win,10.00,0.80,8.00,0.66,QuantEdge Bot
2026-05-04 16:22:00,2026-05-04 16:27:00,EUR/USD OTC,BUY,M5,win,5.00,0.88,4.40,0.60,Daily Binary Club
2026-05-04 18:07:00,2026-05-04 18:12:00,BTC/USD,SELL,M5,loss,25.00,0.68,-25.00,0.56,Daily Binary Club
2026-05-04 18:22:00,2026-05-04 18:23:00,USD/JPY,BUY,M1,win,20.00,0.82,16.40,0.66,Daily Binary Club
2026-05-04 19:38:00,2026-05-04 19:41:00,USD/CAD,BUY,M3,win,10.00,0.80,8.00,0.66,AlphaPips Room
2026-05-05 06:04:00,2026-05-05 06:19:00,GBP/JPY,SELL,M15,loss,20.00,0.75,-20.00,0.90,Manual — own analysis
2026-05-05 06:40:00,2026-05-05 06:43:00,BTC/USD,BUY,M3,win,50.00,0.67,33.50,0.78,Daily Binary Club
2026-05-05 06:43:00,2026-05-05 06:48:00,GBP/USD,BUY,M5,loss,50.00,0.81,-50.00,0.88,QuantEdge Bot
2026-05-05 14:11:00,2026-05-05 14:14:00,AUD/USD,SELL,M3,loss,5.00,0.81,-5.00,0.57,QuantEdge Bot
2026-05-05 15:24:00,2026-05-05 15:29:00,BTC/USD,BUY,M5,win,10.00,0.71,7.10,0.73,QuantEdge Bot
2026-05-05 15:42:00,2026-05-05 15:43:00,EUR/USD,SELL,M1,win,50.00,0.81,40.50,0.66,AlphaPips Room
2026-05-05 16:00:00,2026-05-05 16:15:00,GBP/JPY,SELL,M15,win,50.00,0.76,38.00,0.59,QuantEdge Bot
2026-05-05 16:01:00,2026-05-05 16:16:00,EUR/USD,SELL,M15,win,50.00,0.79,39.50,0.78,AlphaPips Room
2026-05-05 17:57:00,2026-05-05 17:58:00,GBP/USD,BUY,M1,loss,50.00,0.78,-50.00,0.72,Daily Binary Club
2026-05-05 18:13:00,2026-05-05 18:16:00,USD/JPY,SELL,M3,win,10.00,0.78,7.80,0.74,QuantEdge Bot
2026-05-05 18:14:00,2026-05-05 18:19:00,GBP/USD OTC,BUY,M5,loss,5.00,0.87,-5.00,0.87,Manual — own analysis
2026-05-05 19:06:00,2026-05-05 19:11:00,EUR/JPY,SELL,M5,win,10.00,0.77,7.70,0.62,QuantEdge Bot
2026-05-05 19:06:00,2026-05-05 19:11:00,GBP/USD,SELL,M5,loss,10.00,0.79,-10.00,0.61,AlphaPips Room
2026-05-06 09:53:00,2026-05-06 10:08:00,GBP/JPY,BUY,M15,win,25.00,0.77,19.25,0.89,Daily Binary Club
2026-05-06 15:16:00,2026-05-06 15:17:00,AUD/USD,BUY,M1,win,5.00,0.77,3.85,0.82,QuantEdge Bot
2026-05-06 17:06:00,2026-05-06 17:11:00,USD/CAD,SELL,M5,win,5.00,0.77,3.85,0.70,QuantEdge Bot
2026-05-06 17:18:00,2026-05-06 17:19:00,USD/JPY,BUY,M1,loss,10.00,0.81,-10.00,0.84,AlphaPips Room
2026-05-06 17:59:00,2026-05-06 18:00:00,EUR/USD,BUY,M1,loss,10.00,0.85,-10.00,0.74,Manual — own analysis
2026-05-06 19:41:00,2026-05-06 19:42:00,AUD/USD,SELL,M1,win,10.00,0.80,8.00,0.77,Daily Binary Club
2026-05-07 07:55:00,2026-05-07 08:00:00,USD/JPY,SELL,M5,loss,25.00,0.80,-25.00,0.73,QuantEdge Bot
2026-05-07 09:33:00,2026-05-07 09:34:00,EUR/USD,SELL,M1,win,10.00,0.82,8.20,0.84,Manual — own analysis
2026-05-07 10:22:00,2026-05-07 10:37:00,GBP/USD OTC,BUY,M15,loss,5.00,0.83,-5.00,0.92,Daily Binary Club
2026-05-07 10:39:00,2026-05-07 10:44:00,EUR/JPY,BUY,M5,loss,10.00,0.77,-10.00,0.75,TelegramVIPSignals
2026-05-07 10:43:00,2026-05-07 10:44:00,EUR/USD,BUY,M1,loss,50.00,0.84,-50.00,0.74,QuantEdge Bot
2026-05-07 12:12:00,2026-05-07 12:27:00,AUD/USD,BUY,M15,loss,10.00,0.80,-10.00,0.69,Manual — own analysis
2026-05-07 13:29:00,2026-05-07 13:59:00,EUR/USD OTC,BUY,M30,loss,10.00,0.83,-10.00,0.80,Daily Binary Club
2026-05-07 16:20:00,2026-05-07 16:25:00,USD/JPY,BUY,M5,win,50.00,0.82,41.00,0.81,Manual — own analysis
2026-05-07 18:09:00,2026-05-07 18:14:00,GBP/JPY,BUY,M5,loss,5.00,0.77,-5.00,0.92,TelegramVIPSignals
2026-05-07 19:12:00,2026-05-07 19:17:00,GBP/USD,BUY,M5,win,20.00,0.80,16.00,0.86,Manual — own analysis
2026-05-08 08:39:00,2026-05-08 08:54:00,GBP/USD,BUY,M15,loss,50.00,0.78,-50.00,0.88,QuantEdge Bot
2026-05-08 10:01:00,2026-05-08 10:06:00,EUR/USD,BUY,M5,win,10.00,0.84,8.40,0.94,QuantEdge Bot
2026-05-08 11:28:00,2026-05-08 11:33:00,EUR/USD,SELL,M5,loss,20.00,0.79,-20.00,0.79,Daily Binary Club
2026-05-08 11:39:00,2026-05-08 11:42:00,EUR/JPY,SELL,M3,loss,20.00,0.79,-20.00,0.93,Daily Binary Club
2026-05-08 14:11:00,2026-05-08 14:14:00,USD/CAD,SELL,M3,win,25.00,0.82,20.50,0.80,AlphaPips Room
2026-05-08 14:46:00,2026-05-08 15:01:00,USD/JPY,SELL,M15,win,20.00,0.79,15.80,0.91,QuantEdge Bot
2026-05-08 15:54:00,2026-05-08 15:59:00,EUR/USD,BUY,M5,win,25.00,0.83,20.75,0.86,Manual — own analysis
2026-05-08 16:19:00,2026-05-08 16:34:00,BTC/USD,SELL,M15,loss,10.00,0.73,-10.00,0.89,Manual — own analysis
2026-05-08 18:08:00,2026-05-08 18:13:00,EUR/USD,SELL,M5,win,10.00,0.80,8.00,0.60,AlphaPips Room
2026-05-08 18:35:00,2026-05-08 18:38:00,GBP/JPY,BUY,M3,loss,50.00,0.78,-50.00,0.71,AlphaPips Room
2026-05-09 09:01:00,2026-05-09 09:31:00,EUR/USD,SELL,M30,win,10.00,0.81,8.10,0.81,Daily Binary Club
2026-05-09 13:21:00,2026-05-09 13:24:00,AUD/USD,BUY,M3,win,20.00,0.77,15.40,0.64,Daily Binary Club
2026-05-09 15:05:00,2026-05-09 15:08:00,USD/CAD,SELL,M3,win,10.00,0.78,7.80,0.65,AlphaPips Room
2026-05-10 09:47:00,2026-05-10 09:48:00,EUR/JPY,SELL,M1,win,10.00,0.76,7.60,0.66,QuantEdge Bot
2026-05-11 07:29:00,2026-05-11 07:32:00,AUD/USD,SELL,M3,win,20.00,0.79,15.80,0.72,QuantEdge Bot
2026-05-11 07:30:00,2026-05-11 07:33:00,EUR/USD,BUY,M3,loss,5.00,0.85,-5.00,0.60,TelegramVIPSignals
2026-05-11 09:39:00,2026-05-11 09:54:00,GBP/JPY,SELL,M15,win,20.00,0.75,15.00,0.60,TelegramVIPSignals
2026-05-11 10:43:00,2026-05-11 10:44:00,GBP/USD OTC,SELL,M1,win,10.00,0.84,8.40,0.63,AlphaPips Room
2026-05-11 11:32:00,2026-05-11 11:33:00,EUR/JPY,SELL,M1,win,50.00,0.81,40.50,0.70,Manual — own analysis
2026-05-11 12:06:00,2026-05-11 12:11:00,GBP/USD,SELL,M5,win,20.00,0.78,15.60,0.78,Manual — own analysis
2026-05-11 14:30:00,2026-05-11 14:45:00,EUR/USD OTC,BUY,M15,win,25.00,0.87,21.75,0.77,QuantEdge Bot
2026-05-11 14:35:00,2026-05-11 14:36:00,BTC/USD,BUY,M1,loss,5.00,0.69,-5.00,0.60,AlphaPips Room
2026-05-11 14:52:00,2026-05-11 15:07:00,GBP/USD OTC,SELL,M15,win,20.00,0.86,17.20,0.58,QuantEdge Bot
2026-05-11 17:49:00,2026-05-11 17:52:00,AUD/USD,BUY,M3,loss,10.00,0.76,-10.00,0.75,Manual — own analysis
2026-05-11 18:48:00,2026-05-11 18:49:00,EUR/USD,SELL,M1,win,10.00,0.82,8.20,0.81,QuantEdge Bot
2026-05-11 19:35:00,2026-05-11 19:36:00,GBP/USD OTC,SELL,M1,loss,20.00,0.84,-20.00,0.89,QuantEdge Bot
2026-05-11 19:43:00,2026-05-11 19:58:00,EUR/USD OTC,SELL,M15,loss,10.00,0.84,-10.00,0.60,Daily Binary Club
2026-05-12 07:26:00,2026-05-12 07:31:00,AUD/USD,BUY,M5,loss,10.00,0.81,-10.00,0.93,Manual — own analysis
2026-05-12 07:58:00,2026-05-12 08:01:00,USD/CAD,SELL,M3,win,10.00,0.81,8.10,0.62,Manual — own analysis
2026-05-12 08:27:00,2026-05-12 08:32:00,EUR/USD OTC,BUY,M5,loss,25.00,0.82,-25.00,0.63,AlphaPips Room
2026-05-12 10:22:00,2026-05-12 10:52:00,USD/JPY,SELL,M30,loss,10.00,0.78,-10.00,0.87,Manual — own analysis
2026-05-12 12:28:00,2026-05-12 12:29:00,XAU/USD,SELL,M1,win,20.00,0.76,15.20,0.93,Manual — own analysis
2026-05-12 12:37:00,2026-05-12 12:42:00,GBP/USD OTC,BUY,M5,loss,20.00,0.85,-20.00,0.77,QuantEdge Bot
2026-05-12 15:27:00,2026-05-12 15:28:00,EUR/USD,BUY,M1,loss,10.00,0.82,-10.00,0.76,AlphaPips Room
2026-05-12 16:14:00,2026-05-12 16:17:00,USD/JPY,BUY,M3,win,20.00,0.79,15.80,0.94,Daily Binary Club
2026-05-12 17:00:00,2026-05-12 17:01:00,GBP/USD,SELL,M1,win,20.00,0.83,16.60,0.65,AlphaPips Room
2026-05-12 18:23:00,2026-05-12 18:24:00,USD/CAD,SELL,M1,win,10.00,0.78,7.80,0.79,Daily Binary Club
2026-05-12 18:46:00,2026-05-12 19:01:00,BTC/USD,SELL,M15,win,5.00,0.69,3.45,0.62,QuantEdge Bot
2026-05-13 07:16:00,2026-05-13 07:17:00,USD/CAD,BUY,M1,win,10.00,0.80,8.00,0.72,QuantEdge Bot
2026-05-13 09:12:00,2026-05-13 09:42:00,XAU/USD,SELL,M30,win,25.00,0.78,19.50,0.62,Manual — own analysis
2026-05-13 12:15:00,2026-05-13 12:16:00,GBP/USD,SELL,M1,loss,25.00,0.78,-25.00,0.65,Manual — own analysis
2026-05-13 15:44:00,2026-05-13 15:45:00,GBP/USD,SELL,M1,win,5.00,0.82,4.10,0.87,Manual — own analysis
2026-05-14 07:49:00,2026-05-14 07:50:00,EUR/JPY,BUY,M1,win,5.00,0.82,4.10,0.95,AlphaPips Room
2026-05-14 09:34:00,2026-05-14 09:49:00,GBP/USD,BUY,M15,loss,25.00,0.81,-25.00,0.69,Daily Binary Club
2026-05-14 14:26:00,2026-05-14 14:41:00,EUR/JPY,SELL,M15,loss,20.00,0.79,-20.00,0.91,QuantEdge Bot
2026-05-14 14:41:00,2026-05-14 14:46:00,EUR/JPY,SELL,M5,loss,50.00,0.81,-50.00,0.94,Daily Binary Club
2026-05-14 16:03:00,2026-05-14 16:18:00,EUR/USD,SELL,M15,loss,10.00,0.82,-10.00,0.77,TelegramVIPSignals
2026-05-14 19:56:00,2026-05-14 20:26:00,EUR/JPY,BUY,M30,loss,10.00,0.82,-10.00,0.93,Manual — own analysis
2026-05-15 06:29:00,2026-05-15 06:32:00,EUR/USD,BUY,M3,win,10.00,0.82,8.20,0.76,AlphaPips Room
2026-05-15 06:32:00,2026-05-15 07:02:00,BTC/USD,BUY,M30,win,10.00,0.69,6.90,0.71,AlphaPips Room
2026-05-15 08:18:00,2026-05-15 08:21:00,XAU/USD,BUY,M3,loss,20.00,0.72,-20.00,0.76,Manual — own analysis
2026-05-15 10:24:00,2026-05-15 10:25:00,EUR/JPY,SELL,M1,win,20.00,0.78,15.60,0.69,AlphaPips Room
2026-05-15 11:05:00,2026-05-15 11:10:00,GBP/USD OTC,SELL,M5,win,10.00,0.87,8.70,0.75,Manual — own analysis
2026-05-15 12:58:00,2026-05-15 13:58:00,GBP/JPY,BUY,H1,win,25.00,0.74,18.50,0.56,TelegramVIPSignals
2026-05-15 15:41:00,2026-05-15 15:56:00,GBP/USD OTC,BUY,M15,loss,50.00,0.83,-50.00,0.76,TelegramVIPSignals
2026-05-15 18:13:00,2026-05-15 18:18:00,USD/CAD,SELL,M5,win,20.00,0.82,16.40,0.94,QuantEdge Bot
2026-05-15 19:15:00,2026-05-15 19:20:00,GBP/JPY,SELL,M5,loss,10.00,0.76,-10.00,0.57,Daily Binary Club
2026-05-15 19:33:00,2026-05-15 20:03:00,BTC/USD,BUY,M30,win,25.00,0.68,17.00,0.88,Daily Binary Club
2026-05-16 16:08:00,2026-05-16 16:11:00,GBP/USD OTC,SELL,M3,win,10.00,0.86,8.60,0.88,AlphaPips Room
2026-05-17 09:23:00,2026-05-17 09:28:00,AUD/USD,SELL,M5,loss,20.00,0.81,-20.00,0.85,TelegramVIPSignals
2026-05-17 09:38:00,2026-05-17 09:43:00,EUR/JPY,SELL,M5,loss,50.00,0.78,-50.00,0.67,Daily Binary Club
2026-05-18 06:38:00,2026-05-18 06:39:00,GBP/USD,BUY,M1,win,5.00,0.80,4.00,0.77,AlphaPips Room
2026-05-18 07:57:00,2026-05-18 08:12:00,XAU/USD,SELL,M15,win,20.00,0.76,15.20,0.89,Manual — own analysis
2026-05-18 09:02:00,2026-05-18 09:17:00,GBP/JPY,SELL,M15,win,5.00,0.77,3.85,0.73,QuantEdge Bot
2026-05-18 10:24:00,2026-05-18 10:25:00,EUR/USD,SELL,M1,loss,10.00,0.81,-10.00,0.79,AlphaPips Room
2026-05-18 13:08:00,2026-05-18 13:13:00,GBP/USD,SELL,M5,win,25.00,0.80,20.00,0.79,Manual — own analysis
2026-05-18 13:24:00,2026-05-18 13:54:00,EUR/USD,SELL,M30,win,50.00,0.80,40.00,0.65,QuantEdge Bot
2026-05-18 16:24:00,2026-05-18 16:25:00,EUR/JPY,SELL,M1,win,10.00,0.81,8.10,0.72,AlphaPips Room
2026-05-19 07:08:00,2026-05-19 07:11:00,GBP/USD,SELL,M3,win,10.00,0.83,8.30,0.82,Manual — own analysis
2026-05-19 07:29:00,2026-05-19 07:34:00,GBP/USD,SELL,M5,win,25.00,0.80,20.00,0.81,QuantEdge Bot
2026-05-19 12:25:00,2026-05-19 12:28:00,GBP/USD OTC,BUY,M3,loss,10.00,0.87,-10.00,0.92,QuantEdge Bot
2026-05-19 12:33:00,2026-05-19 12:38:00,EUR/USD,SELL,M5,win,50.00,0.82,41.00,0.68,Daily Binary Club
2026-05-19 18:53:00,2026-05-19 18:54:00,USD/JPY,BUY,M1,win,50.00,0.81,40.50,0.58,QuantEdge Bot
2026-05-19 19:43:00,2026-05-19 19:58:00,EUR/USD OTC,BUY,M15,win,50.00,0.82,41.00,0.61,QuantEdge Bot
2026-05-20 06:57:00,2026-05-20 07:02:00,XAU/USD,BUY,M5,win,10.00,0.74,7.40,0.83,Daily Binary Club
2026-05-20 06:58:00,2026-05-20 06:59:00,EUR/JPY,BUY,M1,win,25.00,0.80,20.00,0.94,AlphaPips Room
2026-05-20 07:48:00,2026-05-20 07:51:00,BTC/USD,BUY,M3,draw,25.00,0.70,0.00,0.94,Daily Binary Club
2026-05-20 08:02:00,2026-05-20 08:17:00,GBP/JPY,BUY,M15,win,10.00,0.75,7.50,0.89,AlphaPips Room
2026-05-20 08:50:00,2026-05-20 08:53:00,EUR/USD,BUY,M3,loss,20.00,0.81,-20.00,0.65,Manual — own analysis
2026-05-20 09:45:00,2026-05-20 09:46:00,GBP/USD,SELL,M1,loss,20.00,0.82,-20.00,0.94,Daily Binary Club
2026-05-20 12:41:00,2026-05-20 12:44:00,EUR/JPY,SELL,M3,loss,5.00,0.81,-5.00,0.75,Daily Binary Club
2026-05-20 13:23:00,2026-05-20 13:26:00,USD/CAD,BUY,M3,loss,5.00,0.80,-5.00,0.59,TelegramVIPSignals
2026-05-20 14:26:00,2026-05-20 14:29:00,EUR/USD OTC,BUY,M3,loss,20.00,0.86,-20.00,0.60,QuantEdge Bot
2026-05-20 15:04:00,2026-05-20 15:05:00,EUR/USD,SELL,M1,win,25.00,0.83,20.75,0.77,Daily Binary Club
2026-05-20 16:06:00,2026-05-20 16:11:00,USD/JPY,SELL,M5,loss,10.00,0.80,-10.00,0.59,AlphaPips Room
2026-05-20 19:08:00,2026-05-20 19:11:00,EUR/USD,SELL,M3,win,25.00,0.84,21.00,0.70,QuantEdge Bot
2026-05-21 07:58:00,2026-05-21 07:59:00,USD/JPY,BUY,M1,win,50.00,0.82,41.00,0.71,AlphaPips Room
2026-05-21 10:03:00,2026-05-21 10:04:00,EUR/JPY,SELL,M1,loss,10.00,0.80,-10.00,0.85,Daily Binary Club
2026-05-21 10:09:00,2026-05-21 10:14:00,EUR/USD,SELL,M5,win,20.00,0.79,15.80,0.94,QuantEdge Bot
2026-05-21 11:36:00,2026-05-21 11:37:00,USD/JPY,SELL,M1,loss,50.00,0.82,-50.00,0.61,QuantEdge Bot
2026-05-21 13:09:00,2026-05-21 13:14:00,BTC/USD,SELL,M5,win,50.00,0.70,35.00,0.94,QuantEdge Bot
2026-05-21 13:52:00,2026-05-21 13:57:00,EUR/USD OTC,BUY,M5,win,10.00,0.85,8.50,0.66,QuantEdge Bot
2026-05-21 14:50:00,2026-05-21 14:55:00,EUR/USD,BUY,M5,win,25.00,0.84,21.00,0.60,Manual — own analysis
2026-05-21 15:04:00,2026-05-21 15:07:00,EUR/JPY,BUY,M3,loss,10.00,0.78,-10.00,0.93,Daily Binary Club
2026-05-21 15:28:00,2026-05-21 15:33:00,GBP/USD OTC,BUY,M5,loss,50.00,0.87,-50.00,0.57,AlphaPips Room
2026-05-21 16:45:00,2026-05-21 17:45:00,XAU/USD,BUY,H1,loss,5.00,0.76,-5.00,0.55,AlphaPips Room
2026-05-21 17:25:00,2026-05-21 17:40:00,AUD/USD,SELL,M15,win,20.00,0.78,15.60,0.69,Daily Binary Club
2026-05-21 17:37:00,2026-05-21 17:40:00,GBP/USD OTC,BUY,M3,win,10.00,0.83,8.30,0.84,AlphaPips Room
2026-05-22 06:17:00,2026-05-22 06:22:00,EUR/JPY,BUY,M5,loss,5.00,0.81,-5.00,0.81,Daily Binary Club
2026-05-22 08:10:00,2026-05-22 08:15:00,AUD/USD,SELL,M5,win,25.00,0.76,19.00,0.70,AlphaPips Room
2026-05-22 08:31:00,2026-05-22 08:32:00,EUR/USD OTC,SELL,M1,loss,10.00,0.86,-10.00,0.84,Manual — own analysis
2026-05-22 09:17:00,2026-05-22 09:22:00,AUD/USD,BUY,M5,win,10.00,0.75,7.50,0.78,Manual — own analysis
2026-05-22 10:07:00,2026-05-22 10:10:00,GBP/USD,SELL,M3,win,10.00,0.82,8.20,0.84,AlphaPips Room
2026-05-22 11:31:00,2026-05-22 11:46:00,EUR/JPY,SELL,M15,loss,10.00,0.79,-10.00,0.72,Daily Binary Club
2026-05-22 12:59:00,2026-05-22 13:02:00,GBP/JPY,SELL,M3,loss,10.00,0.75,-10.00,0.81,Manual — own analysis
2026-05-22 15:52:00,2026-05-22 15:57:00,EUR/USD,SELL,M5,win,5.00,0.84,4.20,0.65,QuantEdge Bot
2026-05-22 17:32:00,2026-05-22 17:47:00,GBP/JPY,SELL,M15,draw,20.00,0.80,0.00,0.66,QuantEdge Bot
2026-05-22 19:02:00,2026-05-22 19:07:00,EUR/USD,SELL,M5,win,10.00,0.80,8.00,0.87,QuantEdge Bot
2026-05-22 19:56:00,2026-05-22 20:11:00,EUR/USD,BUY,M15,win,5.00,0.84,4.20,0.86,AlphaPips Room
2026-05-23 08:37:00,2026-05-23 08:42:00,EUR/USD,BUY,M5,win,50.00,0.82,41.00,0.92,Daily Binary Club
2026-05-23 10:29:00,2026-05-23 10:44:00,GBP/JPY,SELL,M15,loss,10.00,0.79,-10.00,0.83,Manual — own analysis
2026-05-23 16:43:00,2026-05-23 16:58:00,EUR/USD,BUY,M15,win,50.00,0.83,41.50,0.78,Manual — own analysis
2026-05-24 16:30:00,2026-05-24 16:35:00,EUR/USD,BUY,M5,loss,20.00,0.82,-20.00,0.67,TelegramVIPSignals
2026-05-25 08:01:00,2026-05-25 08:02:00,EUR/USD,BUY,M1,win,20.00,0.83,16.60,0.79,Manual — own analysis
2026-05-25 12:02:00,2026-05-25 12:05:00,AUD/USD,BUY,M3,loss,50.00,0.81,-50.00,0.94,QuantEdge Bot
2026-05-25 14:40:00,2026-05-25 14:43:00,AUD/USD,BUY,M3,loss,50.00,0.80,-50.00,0.71,AlphaPips Room
2026-05-25 17:11:00,2026-05-25 17:16:00,USD/CAD,BUY,M5,win,10.00,0.77,7.70,0.75,AlphaPips Room
2026-05-25 18:09:00,2026-05-25 18:12:00,GBP/USD,SELL,M3,loss,5.00,0.82,-5.00,0.74,Manual — own analysis
2026-05-25 18:29:00,2026-05-25 18:30:00,GBP/USD,SELL,M1,loss,10.00,0.80,-10.00,0.78,Manual — own analysis
2026-05-26 06:31:00,2026-05-26 07:01:00,EUR/USD,BUY,M30,win,10.00,0.81,8.10,0.59,AlphaPips Room
2026-05-26 10:57:00,2026-05-26 11:00:00,EUR/USD,BUY,M3,loss,10.00,0.85,-10.00,0.62,Daily Binary Club
2026-05-26 13:59:00,2026-05-26 14:04:00,GBP/JPY,BUY,M5,win,10.00,0.78,7.80,0.80,Manual — own analysis
2026-05-26 14:54:00,2026-05-26 14:55:00,BTC/USD,SELL,M1,win,10.00,0.68,6.80,0.58,QuantEdge Bot
2026-05-27 06:04:00,2026-05-27 06:34:00,USD/JPY,BUY,M30,win,20.00,0.84,16.80,0.60,AlphaPips Room
2026-05-27 07:41:00,2026-05-27 07:44:00,USD/CAD,SELL,M3,win,5.00,0.83,4.15,0.75,QuantEdge Bot
2026-05-27 09:20:00,2026-05-27 09:25:00,USD/JPY,SELL,M5,loss,25.00,0.81,-25.00,0.88,TelegramVIPSignals
2026-05-27 11:02:00,2026-05-27 11:17:00,GBP/JPY,SELL,M15,win,10.00,0.74,7.40,0.79,AlphaPips Room
2026-05-27 12:06:00,2026-05-27 12:07:00,GBP/USD,BUY,M1,win,10.00,0.78,7.80,0.88,QuantEdge Bot
2026-05-27 12:47:00,2026-05-27 12:50:00,GBP/USD,BUY,M3,win,10.00,0.80,8.00,0.61,QuantEdge Bot
2026-05-27 14:52:00,2026-05-27 14:57:00,EUR/USD OTC,SELL,M5,win,10.00,0.83,8.30,0.70,QuantEdge Bot
2026-05-27 14:53:00,2026-05-27 15:08:00,XAU/USD,BUY,M15,loss,10.00,0.72,-10.00,0.74,TelegramVIPSignals
2026-05-27 15:27:00,2026-05-27 15:32:00,EUR/USD,SELL,M5,loss,10.00,0.83,-10.00,0.78,QuantEdge Bot
2026-05-27 16:56:00,2026-05-27 17:01:00,AUD/USD,SELL,M5,loss,50.00,0.80,-50.00,0.66,QuantEdge Bot
2026-05-27 17:44:00,2026-05-27 17:59:00,EUR/USD OTC,BUY,M15,win,5.00,0.84,4.20,0.65,AlphaPips Room
2026-05-27 18:09:00,2026-05-27 18:12:00,BTC/USD,BUY,M3,loss,20.00,0.72,-20.00,0.80,Daily Binary Club
2026-05-28 11:22:00,2026-05-28 11:37:00,EUR/USD,SELL,M15,win,50.00,0.83,41.50,0.64,AlphaPips Room
2026-05-28 14:29:00,2026-05-28 14:34:00,BTC/USD,SELL,M5,win,10.00,0.71,7.10,0.92,AlphaPips Room
2026-05-28 15:21:00,2026-05-28 15:26:00,GBP/USD,BUY,M5,loss,10.00,0.79,-10.00,0.86,AlphaPips Room
2026-05-28 18:59:00,2026-05-28 19:14:00,EUR/USD,BUY,M15,loss,50.00,0.82,-50.00,0.55,TelegramVIPSignals
2026-05-29 09:57:00,2026-05-29 10:12:00,GBP/USD OTC,SELL,M15,win,20.00,0.84,16.80,0.94,Manual — own analysis
2026-05-29 10:19:00,2026-05-29 10:22:00,USD/CAD,BUY,M3,win,10.00,0.79,7.90,0.94,QuantEdge Bot
2026-05-29 10:26:00,2026-05-29 10:29:00,GBP/USD,SELL,M3,win,5.00,0.83,4.15,0.95,Manual — own analysis
2026-05-29 11:09:00,2026-05-29 11:24:00,GBP/USD OTC,SELL,M15,loss,20.00,0.82,-20.00,0.84,Daily Binary Club
2026-05-29 11:55:00,2026-05-29 11:58:00,GBP/USD,SELL,M3,loss,10.00,0.81,-10.00,0.90,QuantEdge Bot
2026-05-29 11:59:00,2026-05-29 12:04:00,BTC/USD,BUY,M5,loss,5.00,0.73,-5.00,0.73,QuantEdge Bot
2026-05-29 12:34:00,2026-05-29 12:35:00,EUR/JPY,SELL,M1,loss,20.00,0.81,-20.00,0.59,QuantEdge Bot
2026-05-29 13:14:00,2026-05-29 13:15:00,EUR/USD OTC,SELL,M1,loss,10.00,0.85,-10.00,0.58,Daily Binary Club
2026-05-29 14:21:00,2026-05-29 14:24:00,EUR/USD,SELL,M3,loss,50.00,0.82,-50.00,0.73,AlphaPips Room
2026-05-29 15:55:00,2026-05-29 15:58:00,GBP/USD,SELL,M3,loss,25.00,0.79,-25.00,0.66,QuantEdge Bot
2026-05-29 16:59:00,2026-05-29 17:59:00,EUR/JPY,SELL,H1,win,25.00,0.81,20.25,0.91,AlphaPips Room
2026-05-29 17:08:00,2026-05-29 17:13:00,EUR/USD,BUY,M5,win,50.00,0.79,39.50,0.65,Manual — own analysis
2026-05-29 19:07:00,2026-05-29 20:07:00,AUD/USD,SELL,H1,win,10.00,0.77,7.70,0.72,Daily Binary Club
2026-05-31 17:20:00,2026-05-31 17:21:00,AUD/USD,SELL,M1,loss,25.00,0.76,-25.00,0.82,Manual — own analysis
2026-05-31 19:15:00,2026-05-31 19:16:00,EUR/USD,BUY,M1,win,20.00,0.80,16.00,0.63,Manual — own analysis
2026-05-31 21:33:00,2026-05-31 21:38:00,AUD/USD,SELL,M5,win,5.00,0.77,3.85,0.89,QuantEdge Bot
2026-06-01 09:06:00,2026-06-01 09:36:00,GBP/USD,BUY,M30,win,25.00,0.83,20.75,0.88,Manual — own analysis
2026-06-01 11:23:00,2026-06-01 11:28:00,EUR/USD,SELL,M5,loss,10.00,0.84,-10.00,0.70,QuantEdge Bot
2026-06-01 13:16:00,2026-06-01 13:21:00,GBP/USD OTC,BUY,M5,win,10.00,0.84,8.40,0.89,Manual — own analysis
2026-06-01 14:15:00,2026-06-01 14:20:00,EUR/USD,SELL,M5,win,5.00,0.83,4.15,0.66,Manual — own analysis
2026-06-01 17:09:00,2026-06-01 17:10:00,EUR/USD OTC,BUY,M1,loss,5.00,0.83,-5.00,0.86,Daily Binary Club
2026-06-01 18:52:00,2026-06-01 19:07:00,USD/CAD,BUY,M15,loss,25.00,0.78,-25.00,0.82,QuantEdge Bot
2026-06-02 06:09:00,2026-06-02 06:14:00,BTC/USD,SELL,M5,loss,20.00,0.72,-20.00,0.63,QuantEdge Bot
2026-06-02 07:14:00,2026-06-02 07:15:00,USD/JPY,BUY,M1,loss,10.00,0.82,-10.00,0.60,QuantEdge Bot
2026-06-02 07:26:00,2026-06-02 07:31:00,EUR/USD OTC,SELL,M5,win,25.00,0.86,21.50,0.77,TelegramVIPSignals
2026-06-02 07:52:00,2026-06-02 07:55:00,EUR/USD OTC,SELL,M3,loss,10.00,0.87,-10.00,0.92,Manual — own analysis
2026-06-02 09:29:00,2026-06-02 09:34:00,EUR/USD,SELL,M5,win,10.00,0.85,8.50,0.78,QuantEdge Bot
2026-06-02 11:58:00,2026-06-02 12:03:00,USD/CAD,SELL,M5,loss,20.00,0.82,-20.00,0.95,AlphaPips Room
2026-06-02 13:38:00,2026-06-02 13:53:00,USD/JPY,BUY,M15,loss,20.00,0.79,-20.00,0.91,Daily Binary Club
2026-06-02 13:39:00,2026-06-02 13:54:00,EUR/USD OTC,SELL,M15,loss,25.00,0.86,-25.00,0.69,AlphaPips Room
2026-06-02 14:38:00,2026-06-02 14:39:00,GBP/USD,BUY,M1,loss,25.00,0.81,-25.00,0.74,Daily Binary Club
2026-06-02 16:18:00,2026-06-02 16:19:00,USD/JPY,SELL,M1,win,20.00,0.79,15.80,0.80,Manual — own analysis
2026-06-02 17:16:00,2026-06-02 17:19:00,EUR/USD OTC,BUY,M3,loss,50.00,0.85,-50.00,0.58,AlphaPips Room
2026-06-02 17:19:00,2026-06-02 17:34:00,AUD/USD,SELL,M15,win,10.00,0.75,7.50,0.80,AlphaPips Room
2026-06-02 18:37:00,2026-06-02 19:37:00,EUR/JPY,SELL,H1,win,25.00,0.79,19.75,0.93,AlphaPips Room
2026-06-03 08:49:00,2026-06-03 08:52:00,EUR/JPY,SELL,M3,win,50.00,0.81,40.50,0.80,QuantEdge Bot
2026-06-03 16:14:00,2026-06-03 16:19:00,EUR/USD,BUY,M5,win,50.00,0.81,40.50,0.81,Manual — own analysis
2026-06-03 18:29:00,2026-06-03 18:34:00,GBP/JPY,BUY,M5,loss,10.00,0.74,-10.00,0.66,AlphaPips Room
2026-06-03 18:50:00,2026-06-03 18:53:00,BTC/USD,BUY,M3,win,20.00,0.73,14.60,0.73,AlphaPips Room
2026-06-04 08:00:00,2026-06-04 08:01:00,EUR/JPY,BUY,M1,win,20.00,0.79,15.80,0.59,QuantEdge Bot
2026-06-04 08:49:00,2026-06-04 08:50:00,GBP/USD OTC,BUY,M1,win,50.00,0.85,42.50,0.69,QuantEdge Bot
2026-06-04 09:45:00,2026-06-04 09:48:00,USD/JPY,SELL,M3,win,10.00,0.82,8.20,0.85,Manual — own analysis
2026-06-04 10:32:00,2026-06-04 10:35:00,EUR/USD,SELL,M3,win,50.00,0.85,42.50,0.80,Daily Binary Club
2026-06-04 11:10:00,2026-06-04 11:15:00,EUR/USD OTC,SELL,M5,loss,25.00,0.86,-25.00,0.86,AlphaPips Room
2026-06-04 13:42:00,2026-06-04 13:43:00,GBP/USD,BUY,M1,loss,10.00,0.77,-10.00,0.82,AlphaPips Room
2026-06-04 14:47:00,2026-06-04 14:52:00,GBP/USD OTC,SELL,M5,win,20.00,0.84,16.80,0.78,TelegramVIPSignals
2026-06-04 16:00:00,2026-06-04 16:15:00,GBP/JPY,BUY,M15,loss,20.00,0.76,-20.00,0.88,Daily Binary Club
2026-06-04 17:17:00,2026-06-04 17:47:00,GBP/USD,BUY,M30,loss,50.00,0.82,-50.00,0.57,Daily Binary Club
2026-06-04 18:39:00,2026-06-04 18:54:00,GBP/USD OTC,BUY,M15,win,25.00,0.85,21.25,0.76,Manual — own analysis
2026-06-04 19:14:00,2026-06-04 19:29:00,GBP/USD,SELL,M15,win,5.00,0.78,3.90,0.88,Manual — own analysis
2026-06-04 19:27:00,2026-06-04 19:28:00,USD/JPY,SELL,M1,win,50.00,0.83,41.50,0.59,AlphaPips Room
2026-06-05 08:31:00,2026-06-05 08:36:00,EUR/USD OTC,SELL,M5,loss,10.00,0.86,-10.00,0.61,Daily Binary Club
2026-06-05 10:15:00,2026-06-05 10:18:00,EUR/USD,SELL,M3,win,25.00,0.83,20.75,0.58,AlphaPips Room
2026-06-05 13:10:00,2026-06-05 13:13:00,USD/CAD,SELL,M3,win,20.00,0.83,16.60,0.84,AlphaPips Room
2026-06-05 18:59:00,2026-06-05 19:02:00,GBP/USD OTC,SELL,M3,loss,10.00,0.85,-10.00,0.67,Daily Binary Club
2026-06-06 18:53:00,2026-06-06 18:58:00,AUD/USD,BUY,M5,win,50.00,0.77,38.50,0.58,QuantEdge Bot
2026-06-06 19:14:00,2026-06-06 19:15:00,USD/JPY,SELL,M1,loss,50.00,0.83,-50.00,0.93,QuantEdge Bot
2026-06-07 08:32:00,2026-06-07 08:33:00,USD/CAD,SELL,M1,loss,20.00,0.78,-20.00,0.85,AlphaPips Room
2026-06-07 15:09:00,2026-06-07 15:12:00,GBP/USD,SELL,M3,loss,10.00,0.78,-10.00,0.73,Daily Binary Club
2026-06-08 08:53:00,2026-06-08 08:54:00,USD/CAD,BUY,M1,loss,10.00,0.78,-10.00,0.94,Daily Binary Club
2026-06-08 09:44:00,2026-06-08 10:14:00,GBP/USD,SELL,M30,loss,5.00,0.78,-5.00,0.87,TelegramVIPSignals
2026-06-08 10:16:00,2026-06-08 10:31:00,EUR/USD OTC,SELL,M15,loss,50.00,0.88,-50.00,0.73,QuantEdge Bot
2026-06-08 10:46:00,2026-06-08 11:16:00,XAU/USD,SELL,M30,loss,5.00,0.72,-5.00,0.66,AlphaPips Room
2026-06-08 11:18:00,2026-06-08 11:21:00,BTC/USD,SELL,M3,win,5.00,0.70,3.50,0.56,AlphaPips Room
2026-06-08 12:12:00,2026-06-08 12:13:00,USD/JPY,SELL,M1,win,50.00,0.79,39.50,0.73,AlphaPips Room
2026-06-08 15:10:00,2026-06-08 15:11:00,GBP/JPY,SELL,M1,loss,5.00,0.78,-5.00,0.92,Daily Binary Club
2026-06-08 15:44:00,2026-06-08 15:59:00,GBP/USD,BUY,M15,loss,20.00,0.78,-20.00,0.58,QuantEdge Bot
2026-06-08 16:37:00,2026-06-08 16:52:00,USD/JPY,SELL,M15,win,50.00,0.83,41.50,0.78,QuantEdge Bot
2026-06-08 17:15:00,2026-06-08 17:20:00,XAU/USD,BUY,M5,win,50.00,0.75,37.50,0.71,QuantEdge Bot
2026-06-08 19:02:00,2026-06-08 19:17:00,USD/CAD,BUY,M15,loss,10.00,0.81,-10.00,0.91,QuantEdge Bot
2026-06-09 08:28:00,2026-06-09 08:33:00,EUR/USD OTC,BUY,M5,loss,20.00,0.84,-20.00,0.74,QuantEdge Bot
2026-06-09 09:26:00,2026-06-09 09:27:00,EUR/JPY,SELL,M1,loss,20.00,0.76,-20.00,0.93,AlphaPips Room
2026-06-09 11:36:00,2026-06-09 12:06:00,USD/CAD,SELL,M30,loss,10.00,0.81,-10.00,0.80,AlphaPips Room
2026-06-09 11:40:00,2026-06-09 11:45:00,EUR/USD,SELL,M5,loss,10.00,0.81,-10.00,0.81,TelegramVIPSignals
2026-06-09 12:14:00,2026-06-09 12:19:00,GBP/USD,SELL,M5,loss,10.00,0.82,-10.00,0.75,TelegramVIPSignals
2026-06-09 12:23:00,2026-06-09 12:38:00,EUR/USD,BUY,M15,loss,25.00,0.81,-25.00,0.67,AlphaPips Room
2026-06-09 14:40:00,2026-06-09 14:45:00,BTC/USD,SELL,M5,loss,50.00,0.69,-50.00,0.71,TelegramVIPSignals
2026-06-09 17:46:00,2026-06-09 17:51:00,BTC/USD,SELL,M5,loss,50.00,0.71,-50.00,0.95,QuantEdge Bot
2026-06-09 19:27:00,2026-06-09 19:30:00,EUR/JPY,SELL,M3,loss,25.00,0.80,-25.00,0.66,Manual — own analysis
2026-06-10 07:02:00,2026-06-10 07:03:00,GBP/JPY,BUY,M1,loss,5.00,0.77,-5.00,0.60,Daily Binary Club
2026-06-10 09:09:00,2026-06-10 09:12:00,EUR/USD,BUY,M3,loss,50.00,0.83,-50.00,0.57,Manual — own analysis
2026-06-10 10:45:00,2026-06-10 11:00:00,EUR/USD,SELL,M15,loss,20.00,0.83,-20.00,0.84,Daily Binary Club
2026-06-10 12:10:00,2026-06-10 12:40:00,GBP/USD OTC,BUY,M30,loss,50.00,0.82,-50.00,0.67,AlphaPips Room
2026-06-10 12:23:00,2026-06-10 12:28:00,USD/CAD,BUY,M5,loss,50.00,0.80,-50.00,0.70,QuantEdge Bot
2026-06-10 13:15:00,2026-06-10 13:16:00,EUR/USD,BUY,M1,loss,10.00,0.83,-10.00,0.76,Daily Binary Club
2026-06-10 13:58:00,2026-06-10 14:03:00,XAU/USD,SELL,M5,win,10.00,0.76,7.60,0.55,Manual — own analysis
2026-06-10 19:09:00,2026-06-10 19:12:00,USD/JPY,BUY,M3,loss,10.00,0.82,-10.00,0.86,QuantEdge Bot
2026-06-10 19:15:00,2026-06-10 19:18:00,AUD/USD,SELL,M3,loss,10.00,0.75,-10.00,0.86,TelegramVIPSignals
2026-06-11 06:42:00,2026-06-11 06:43:00,EUR/JPY,SELL,M1,draw,50.00,0.82,0.00,0.77,Daily Binary Club
2026-06-11 08:17:00,2026-06-11 08:18:00,EUR/USD,SELL,M1,loss,10.00,0.80,-10.00,0.80,Manual — own analysis
2026-06-11 09:51:00,2026-06-11 09:56:00,GBP/USD,SELL,M5,win,5.00,0.78,3.90,0.85,AlphaPips Room
2026-06-11 12:28:00,2026-06-11 12:43:00,GBP/USD OTC,SELL,M15,loss,5.00,0.88,-5.00,0.75,AlphaPips Room
2026-06-11 14:31:00,2026-06-11 14:32:00,AUD/USD,SELL,M1,loss,10.00,0.75,-10.00,0.74,QuantEdge Bot
2026-06-11 15:51:00,2026-06-11 15:52:00,BTC/USD,BUY,M1,loss,50.00,0.70,-50.00,0.56,Daily Binary Club
2026-06-11 19:47:00,2026-06-11 19:52:00,AUD/USD,BUY,M5,loss,10.00,0.76,-10.00,0.70,TelegramVIPSignals
2026-06-12 07:08:00,2026-06-12 07:13:00,EUR/USD OTC,SELL,M5,loss,10.00,0.86,-10.00,0.84,AlphaPips Room
2026-06-12 08:10:00,2026-06-12 08:40:00,USD/CAD,SELL,M30,win,5.00,0.82,4.10,0.58,Manual — own analysis
2026-06-12 11:39:00,2026-06-12 11:42:00,EUR/USD,BUY,M3,loss,10.00,0.85,-10.00,0.79,QuantEdge Bot
2026-06-12 12:22:00,2026-06-12 12:37:00,GBP/JPY,SELL,M15,win,10.00,0.78,7.80,0.61,Daily Binary Club
2026-06-12 13:07:00,2026-06-12 13:08:00,EUR/JPY,BUY,M1,loss,50.00,0.76,-50.00,0.68,QuantEdge Bot
2026-06-12 13:25:00,2026-06-12 13:28:00,BTC/USD,SELL,M3,win,25.00,0.68,17.00,0.88,Manual — own analysis
2026-06-12 14:32:00,2026-06-12 14:35:00,USD/JPY,BUY,M3,loss,5.00,0.81,-5.00,0.88,Daily Binary Club
2026-06-12 14:35:00,2026-06-12 14:36:00,AUD/USD,BUY,M1,loss,20.00,0.78,-20.00,0.75,Daily Binary Club
2026-06-12 14:40:00,2026-06-12 14:45:00,EUR/USD,BUY,M5,loss,10.00,0.84,-10.00,0.91,TelegramVIPSignals
2026-06-12 14:41:00,2026-06-12 14:42:00,AUD/USD,SELL,M1,loss,25.00,0.80,-25.00,0.81,Manual — own analysis
2026-06-12 17:36:00,2026-06-12 17:39:00,USD/CAD,SELL,M3,win,5.00,0.81,4.05,0.92,AlphaPips Room
2026-06-13 21:41:00,2026-06-13 21:44:00,EUR/USD,BUY,M3,win,25.00,0.82,20.50,0.67,Manual — own analysis
2026-06-15 06:43:00,2026-06-15 06:44:00,EUR/USD OTC,SELL,M1,loss,10.00,0.84,-10.00,0.60,AlphaPips Room
2026-06-15 13:09:00,2026-06-15 13:24:00,GBP/USD OTC,SELL,M15,draw,10.00,0.88,0.00,0.83,Manual — own analysis
2026-06-15 17:24:00,2026-06-15 17:29:00,EUR/USD,SELL,M5,loss,50.00,0.82,-50.00,0.59,Daily Binary Club
2026-06-15 18:20:00,2026-06-15 18:23:00,EUR/JPY,SELL,M3,loss,10.00,0.80,-10.00,0.60,Daily Binary Club
2026-06-15 18:37:00,2026-06-15 18:40:00,USD/JPY,SELL,M3,loss,20.00,0.80,-20.00,0.76,Manual — own analysis
2026-06-16 08:43:00,2026-06-16 08:44:00,AUD/USD,BUY,M1,win,10.00,0.80,8.00,0.95,Manual — own analysis
2026-06-16 08:59:00,2026-06-16 09:00:00,EUR/USD,BUY,M1,win,5.00,0.79,3.95,0.62,QuantEdge Bot
2026-06-16 10:25:00,2026-06-16 10:30:00,AUD/USD,BUY,M5,loss,5.00,0.78,-5.00,0.92,Manual — own analysis
2026-06-16 11:26:00,2026-06-16 11:41:00,AUD/USD,SELL,M15,loss,5.00,0.76,-5.00,0.79,Daily Binary Club
2026-06-16 15:48:00,2026-06-16 15:51:00,EUR/USD,BUY,M3,win,20.00,0.84,16.80,0.82,QuantEdge Bot
2026-06-16 16:42:00,2026-06-16 16:47:00,GBP/USD,SELL,M5,win,50.00,0.80,40.00,0.66,AlphaPips Room
2026-06-16 19:09:00,2026-06-16 19:14:00,AUD/USD,BUY,M5,win,20.00,0.80,16.00,0.94,Daily Binary Club
2026-06-17 06:55:00,2026-06-17 06:56:00,USD/CAD,SELL,M1,win,10.00,0.77,7.70,0.91,AlphaPips Room
2026-06-17 06:55:00,2026-06-17 06:56:00,EUR/JPY,SELL,M1,loss,10.00,0.79,-10.00,0.80,Manual — own analysis
2026-06-17 08:34:00,2026-06-17 08:35:00,USD/CAD,BUY,M1,loss,10.00,0.78,-10.00,0.62,AlphaPips Room
2026-06-17 12:59:00,2026-06-17 13:29:00,AUD/USD,BUY,M30,loss,10.00,0.81,-10.00,0.76,Daily Binary Club
2026-06-17 13:23:00,2026-06-17 13:24:00,USD/JPY,BUY,M1,win,10.00,0.82,8.20,0.73,QuantEdge Bot
2026-06-17 15:15:00,2026-06-17 15:16:00,AUD/USD,SELL,M1,win,5.00,0.76,3.80,0.70,Daily Binary Club
2026-06-17 17:15:00,2026-06-17 17:16:00,AUD/USD,BUY,M1,win,10.00,0.78,7.80,0.84,Manual — own analysis
2026-06-17 18:30:00,2026-06-17 18:35:00,XAU/USD,BUY,M5,win,25.00,0.74,18.50,0.73,QuantEdge Bot
2026-06-17 19:46:00,2026-06-17 19:47:00,EUR/USD,BUY,M1,loss,50.00,0.84,-50.00,0.60,Manual — own analysis
2026-06-17 19:47:00,2026-06-17 19:52:00,EUR/USD,BUY,M5,win,50.00,0.79,39.50,0.79,AlphaPips Room
2026-06-18 08:03:00,2026-06-18 08:08:00,EUR/USD OTC,SELL,M5,win,25.00,0.86,21.50,0.59,QuantEdge Bot
2026-06-18 08:37:00,2026-06-18 08:38:00,GBP/USD,BUY,M1,win,25.00,0.79,19.75,0.57,Daily Binary Club
2026-06-18 10:33:00,2026-06-18 10:34:00,EUR/USD OTC,SELL,M1,loss,10.00,0.83,-10.00,0.88,QuantEdge Bot
2026-06-18 12:56:00,2026-06-18 13:11:00,GBP/USD OTC,SELL,M15,loss,10.00,0.85,-10.00,0.82,QuantEdge Bot
2026-06-18 13:10:00,2026-06-18 13:25:00,AUD/USD,BUY,M15,loss,10.00,0.79,-10.00,0.78,QuantEdge Bot
2026-06-18 13:57:00,2026-06-18 14:02:00,EUR/USD,SELL,M5,win,10.00,0.80,8.00,0.87,Manual — own analysis
2026-06-18 16:41:00,2026-06-18 16:46:00,GBP/USD,SELL,M5,win,50.00,0.80,40.00,0.78,AlphaPips Room
2026-06-18 17:00:00,2026-06-18 17:05:00,EUR/JPY,BUY,M5,win,10.00,0.77,7.70,0.94,AlphaPips Room
2026-06-18 17:49:00,2026-06-18 17:50:00,EUR/USD OTC,SELL,M1,win,50.00,0.83,41.50,0.91,Manual — own analysis
2026-06-18 19:45:00,2026-06-18 19:48:00,EUR/USD,BUY,M3,win,10.00,0.85,8.50,0.67,Manual — own analysis
2026-06-19 07:38:00,2026-06-19 07:43:00,GBP/JPY,SELL,M5,loss,20.00,0.75,-20.00,0.62,TelegramVIPSignals
2026-06-19 08:33:00,2026-06-19 08:36:00,EUR/USD,BUY,M3,win,5.00,0.79,3.95,0.77,QuantEdge Bot
2026-06-19 09:10:00,2026-06-19 09:11:00,EUR/USD,BUY,M1,win,20.00,0.85,17.00,0.67,Daily Binary Club
2026-06-19 14:22:00,2026-06-19 14:27:00,EUR/USD,SELL,M5,win,5.00,0.81,4.05,0.81,AlphaPips Room
2026-06-19 15:30:00,2026-06-19 16:30:00,BTC/USD,SELL,H1,win,10.00,0.72,7.20,0.81,AlphaPips Room
2026-06-19 16:46:00,2026-06-19 16:49:00,EUR/JPY,BUY,M3,loss,50.00,0.76,-50.00,0.88,AlphaPips Room
2026-06-19 16:59:00,2026-06-19 17:04:00,USD/JPY,BUY,M5,loss,50.00,0.78,-50.00,0.61,Daily Binary Club
2026-06-19 17:52:00,2026-06-19 17:55:00,GBP/JPY,BUY,M3,loss,50.00,0.77,-50.00,0.69,Manual — own analysis
2026-06-19 18:34:00,2026-06-19 18:49:00,AUD/USD,SELL,M15,loss,50.00,0.80,-50.00,0.85,Daily Binary Club
2026-06-19 19:19:00,2026-06-19 19:24:00,AUD/USD,SELL,M5,win,50.00,0.78,39.00,0.60,TelegramVIPSignals
2026-06-22 07:31:00,2026-06-22 07:36:00,EUR/USD,SELL,M5,win,50.00,0.80,40.00,0.92,Manual — own analysis
2026-06-22 07:46:00,2026-06-22 07:47:00,EUR/USD OTC,SELL,M1,win,20.00,0.87,17.40,0.78,AlphaPips Room
2026-06-22 07:47:00,2026-06-22 07:52:00,EUR/USD,SELL,M5,loss,20.00,0.81,-20.00,0.82,AlphaPips Room
2026-06-22 08:35:00,2026-06-22 08:36:00,GBP/USD OTC,SELL,M1,loss,25.00,0.87,-25.00,0.62,AlphaPips Room
2026-06-22 12:18:00,2026-06-22 12:23:00,EUR/USD,SELL,M5,win,25.00,0.79,19.75,0.57,QuantEdge Bot
2026-06-22 13:43:00,2026-06-22 14:13:00,BTC/USD,BUY,M30,loss,10.00,0.73,-10.00,0.88,AlphaPips Room
2026-06-22 15:56:00,2026-06-22 16:11:00,AUD/USD,SELL,M15,win,50.00,0.79,39.50,0.81,Manual — own analysis
2026-06-22 17:02:00,2026-06-22 17:17:00,AUD/USD,SELL,M15,loss,50.00,0.78,-50.00,0.58,QuantEdge Bot
2026-06-22 17:22:00,2026-06-22 17:27:00,GBP/USD OTC,BUY,M5,win,5.00,0.86,4.30,0.73,AlphaPips Room
2026-06-22 17:35:00,2026-06-22 17:50:00,EUR/USD,BUY,M15,loss,10.00,0.82,-10.00,0.65,Daily Binary Club
2026-06-22 17:56:00,2026-06-22 18:11:00,USD/JPY,BUY,M15,loss,20.00,0.83,-20.00,0.63,Daily Binary Club
2026-06-22 18:17:00,2026-06-22 18:22:00,EUR/USD,SELL,M5,win,25.00,0.84,21.00,0.81,AlphaPips Room
2026-06-22 19:55:00,2026-06-22 20:00:00,XAU/USD,BUY,M5,win,10.00,0.75,7.50,0.57,AlphaPips Room
2026-06-23 06:43:00,2026-06-23 06:58:00,BTC/USD,BUY,M15,win,5.00,0.71,3.55,0.88,Manual — own analysis
2026-06-23 08:15:00,2026-06-23 08:16:00,EUR/USD,SELL,M1,win,5.00,0.84,4.20,0.66,AlphaPips Room
2026-06-23 08:33:00,2026-06-23 08:38:00,USD/CAD,BUY,M5,win,20.00,0.79,15.80,0.57,AlphaPips Room
2026-06-23 09:49:00,2026-06-23 10:04:00,EUR/JPY,BUY,M15,loss,5.00,0.77,-5.00,0.86,TelegramVIPSignals
2026-06-23 14:19:00,2026-06-23 14:49:00,BTC/USD,SELL,M30,loss,10.00,0.70,-10.00,0.81,AlphaPips Room
2026-06-23 14:33:00,2026-06-23 14:36:00,GBP/JPY,BUY,M3,win,25.00,0.76,19.00,0.72,AlphaPips Room
2026-06-23 16:01:00,2026-06-23 16:06:00,GBP/USD,SELL,M5,win,20.00,0.77,15.40,0.94,Manual — own analysis
2026-06-23 16:27:00,2026-06-23 16:42:00,EUR/JPY,SELL,M15,loss,20.00,0.81,-20.00,0.89,TelegramVIPSignals
2026-06-23 18:16:00,2026-06-23 18:21:00,USD/CAD,BUY,M5,loss,50.00,0.82,-50.00,0.63,Daily Binary Club
2026-06-24 06:40:00,2026-06-24 06:43:00,EUR/JPY,BUY,M3,loss,10.00,0.81,-10.00,0.75,Manual — own analysis
2026-06-24 09:11:00,2026-06-24 09:16:00,GBP/USD,BUY,M5,win,10.00,0.81,8.10,0.62,QuantEdge Bot
2026-06-24 12:24:00,2026-06-24 12:25:00,EUR/USD,BUY,M1,loss,5.00,0.80,-5.00,0.70,Daily Binary Club
2026-06-24 12:36:00,2026-06-24 12:41:00,USD/JPY,SELL,M5,win,50.00,0.80,40.00,0.74,Daily Binary Club
2026-06-24 16:07:00,2026-06-24 16:37:00,EUR/USD,BUY,M30,win,10.00,0.85,8.50,0.76,AlphaPips Room
2026-06-25 08:33:00,2026-06-25 08:38:00,EUR/USD OTC,BUY,M5,loss,5.00,0.85,-5.00,0.56,QuantEdge Bot
2026-06-25 10:17:00,2026-06-25 10:47:00,EUR/USD,BUY,M30,loss,5.00,0.83,-5.00,0.89,AlphaPips Room
2026-06-25 11:10:00,2026-06-25 11:25:00,AUD/USD,SELL,M15,loss,25.00,0.75,-25.00,0.94,Daily Binary Club
2026-06-25 11:15:00,2026-06-25 11:20:00,EUR/USD,SELL,M5,loss,50.00,0.85,-50.00,0.55,Daily Binary Club
2026-06-25 12:30:00,2026-06-25 12:35:00,GBP/USD,SELL,M5,win,10.00,0.79,7.90,0.70,TelegramVIPSignals
2026-06-25 12:41:00,2026-06-25 12:56:00,EUR/USD,SELL,M15,win,50.00,0.84,42.00,0.84,AlphaPips Room
2026-06-25 15:42:00,2026-06-25 15:45:00,USD/CAD,BUY,M3,win,10.00,0.78,7.80,0.93,QuantEdge Bot
2026-06-25 17:12:00,2026-06-25 17:42:00,AUD/USD,SELL,M30,loss,25.00,0.79,-25.00,0.87,Daily Binary Club
2026-06-25 18:49:00,2026-06-25 18:54:00,GBP/USD OTC,SELL,M5,loss,10.00,0.82,-10.00,0.57,TelegramVIPSignals
2026-06-26 07:16:00,2026-06-26 07:19:00,EUR/JPY,SELL,M3,loss,25.00,0.78,-25.00,0.85,Daily Binary Club
2026-06-26 07:51:00,2026-06-26 07:52:00,BTC/USD,SELL,M1,win,5.00,0.72,3.60,0.90,Daily Binary Club
2026-06-26 08:06:00,2026-06-26 08:36:00,AUD/USD,SELL,M30,win,10.00,0.77,7.70,0.89,AlphaPips Room
2026-06-26 08:14:00,2026-06-26 08:29:00,EUR/USD OTC,SELL,M15,win,10.00,0.83,8.30,0.59,AlphaPips Room
2026-06-26 08:27:00,2026-06-26 08:57:00,EUR/USD,BUY,M30,loss,10.00,0.80,-10.00,0.64,Manual — own analysis
2026-06-26 10:10:00,2026-06-26 10:13:00,USD/JPY,BUY,M3,win,25.00,0.83,20.75,0.61,QuantEdge Bot
2026-06-26 10:50:00,2026-06-26 10:55:00,USD/JPY,BUY,M5,win,10.00,0.80,8.00,0.80,QuantEdge Bot
2026-06-26 15:07:00,2026-06-26 15:37:00,EUR/USD OTC,BUY,M30,win,50.00,0.87,43.50,0.58,Manual — own analysis
2026-06-26 16:27:00,2026-06-26 16:57:00,GBP/USD OTC,SELL,M30,loss,10.00,0.84,-10.00,0.61,AlphaPips Room
2026-06-26 16:39:00,2026-06-26 16:44:00,GBP/USD OTC,BUY,M5,win,10.00,0.87,8.70,0.71,QuantEdge Bot
2026-06-26 17:23:00,2026-06-26 17:26:00,GBP/USD,SELL,M3,loss,10.00,0.82,-10.00,0.76,QuantEdge Bot
2026-06-26 17:35:00,2026-06-26 17:38:00,AUD/USD,BUY,M3,loss,50.00,0.77,-50.00,0.85,Daily Binary Club
2026-06-26 18:06:00,2026-06-26 18:09:00,EUR/USD OTC,SELL,M3,win,10.00,0.85,8.50,0.70,QuantEdge Bot
2026-06-29 09:26:00,2026-06-29 09:29:00,XAU/USD,SELL,M3,win,20.00,0.76,15.20,0.69,QuantEdge Bot
2026-06-29 09:41:00,2026-06-29 09:46:00,USD/CAD,SELL,M5,loss,20.00,0.79,-20.00,0.69,AlphaPips Room
2026-06-29 10:29:00,2026-06-29 10:44:00,BTC/USD,SELL,M15,win,10.00,0.68,6.80,0.81,QuantEdge Bot
2026-06-29 11:07:00,2026-06-29 11:12:00,USD/JPY,BUY,M5,win,50.00,0.81,40.50,0.91,Manual — own analysis
2026-06-29 13:44:00,2026-06-29 13:47:00,USD/CAD,SELL,M3,win,5.00,0.79,3.95,0.63,QuantEdge Bot
2026-06-29 14:17:00,2026-06-29 14:20:00,USD/CAD,BUY,M3,draw,10.00,0.78,0.00,0.73,Manual — own analysis
2026-06-29 14:20:00,2026-06-29 14:35:00,GBP/USD,BUY,M15,win,10.00,0.79,7.90,0.71,AlphaPips Room
2026-06-29 16:39:00,2026-06-29 16:42:00,USD/JPY,BUY,M3,loss,20.00,0.80,-20.00,0.94,AlphaPips Room
2026-06-29 17:46:00,2026-06-29 17:51:00,BTC/USD,BUY,M5,loss,20.00,0.71,-20.00,0.61,QuantEdge Bot
2026-06-29 18:48:00,2026-06-29 18:53:00,USD/CAD,BUY,M5,loss,50.00,0.79,-50.00,0.73,Daily Binary Club
2026-06-29 19:09:00,2026-06-29 19:12:00,GBP/JPY,BUY,M3,loss,5.00,0.74,-5.00,0.58,AlphaPips Room
2026-06-29 19:58:00,2026-06-29 19:59:00,AUD/USD,BUY,M1,loss,10.00,0.78,-10.00,0.57,AlphaPips Room
2026-06-30 06:36:00,2026-06-30 06:41:00,USD/JPY,BUY,M5,loss,10.00,0.79,-10.00,0.86,Daily Binary Club
2026-06-30 08:52:00,2026-06-30 08:57:00,GBP/JPY,SELL,M5,win,10.00,0.78,7.80,0.73,AlphaPips Room
2026-06-30 09:19:00,2026-06-30 09:49:00,USD/CAD,BUY,M30,loss,25.00,0.77,-25.00,0.81,QuantEdge Bot
2026-06-30 11:03:00,2026-06-30 11:06:00,USD/JPY,SELL,M3,loss,20.00,0.82,-20.00,0.73,Daily Binary Club
2026-06-30 15:14:00,2026-06-30 15:29:00,EUR/USD,BUY,M15,loss,50.00,0.81,-50.00,0.60,TelegramVIPSignals
2026-06-30 15:19:00,2026-06-30 15:22:00,USD/JPY,SELL,M3,win,10.00,0.82,8.20,0.74,AlphaPips Room
2026-06-30 15:25:00,2026-06-30 15:26:00,GBP/USD,SELL,M1,loss,10.00,0.79,-10.00,0.94,QuantEdge Bot
2026-06-30 15:41:00,2026-06-30 15:42:00,EUR/USD OTC,SELL,M1,loss,25.00,0.86,-25.00,0.74,Daily Binary Club
2026-06-30 16:06:00,2026-06-30 16:09:00,BTC/USD,SELL,M3,win,10.00,0.72,7.20,0.88,QuantEdge Bot
2026-06-30 17:08:00,2026-06-30 17:23:00,USD/JPY,SELL,M15,win,50.00,0.82,41.00,0.64,Manual — own analysis
2026-06-30 19:35:00,2026-06-30 19:36:00,GBP/JPY,SELL,M1,win,10.00,0.74,7.40,0.88,AlphaPips Room
2026-07-01 07:14:00,2026-07-01 07:19:00,XAU/USD,BUY,M5,win,50.00,0.73,36.50,0.59,QuantEdge Bot
2026-07-01 08:13:00,2026-07-01 08:18:00,EUR/USD,SELL,M5,win,5.00,0.82,4.10,0.70,AlphaPips Room
2026-07-01 09:11:00,2026-07-01 09:14:00,GBP/JPY,SELL,M3,win,25.00,0.75,18.75,0.76,AlphaPips Room
2026-07-01 12:01:00,2026-07-01 12:04:00,EUR/JPY,BUY,M3,win,5.00,0.80,4.00,0.56,Manual — own analysis
2026-07-01 12:52:00,2026-07-01 13:22:00,AUD/USD,SELL,M30,win,25.00,0.79,19.75,0.60,AlphaPips Room
2026-07-01 13:28:00,2026-07-01 13:33:00,EUR/USD,SELL,M5,win,50.00,0.85,42.50,0.88,TelegramVIPSignals
2026-07-01 15:00:00,2026-07-01 15:05:00,EUR/USD OTC,SELL,M5,win,20.00,0.82,16.40,0.74,QuantEdge Bot
2026-07-01 15:49:00,2026-07-01 15:50:00,EUR/USD,BUY,M1,loss,10.00,0.81,-10.00,0.60,Daily Binary Club
2026-07-01 18:16:00,2026-07-01 18:31:00,AUD/USD,BUY,M15,loss,20.00,0.76,-20.00,0.76,Manual — own analysis
2026-07-01 18:19:00,2026-07-01 18:24:00,EUR/USD,BUY,M5,win,20.00,0.80,16.00,0.89,AlphaPips Room
2026-07-01 19:31:00,2026-07-01 19:46:00,GBP/USD,SELL,M15,win,25.00,0.78,19.50,0.90,Daily Binary Club
2026-07-02 07:10:00,2026-07-02 07:13:00,EUR/USD,BUY,M3,loss,10.00,0.79,-10.00,0.77,Daily Binary Club
2026-07-02 07:42:00,2026-07-02 07:47:00,AUD/USD,BUY,M5,win,10.00,0.80,8.00,0.56,Daily Binary Club
2026-07-02 09:43:00,2026-07-02 09:44:00,XAU/USD,BUY,M1,win,50.00,0.76,38.00,0.56,AlphaPips Room
2026-07-02 10:44:00,2026-07-02 10:59:00,EUR/JPY,SELL,M15,loss,10.00,0.82,-10.00,0.62,TelegramVIPSignals
2026-07-02 11:17:00,2026-07-02 11:20:00,GBP/JPY,BUY,M3,win,5.00,0.80,4.00,0.91,QuantEdge Bot
2026-07-02 13:06:00,2026-07-02 13:36:00,GBP/USD,SELL,M30,win,5.00,0.83,4.15,0.63,AlphaPips Room
2026-07-02 13:37:00,2026-07-02 13:40:00,USD/JPY,SELL,M3,loss,50.00,0.79,-50.00,0.93,Manual — own analysis
2026-07-02 14:10:00,2026-07-02 14:40:00,USD/JPY,BUY,M30,win,20.00,0.81,16.20,0.79,QuantEdge Bot
2026-07-02 14:54:00,2026-07-02 14:59:00,EUR/USD,BUY,M5,win,50.00,0.83,41.50,0.68,AlphaPips Room
2026-07-02 16:52:00,2026-07-02 17:22:00,USD/JPY,BUY,M30,draw,5.00,0.80,0.00,0.91,TelegramVIPSignals
2026-07-02 17:08:00,2026-07-02 17:11:00,USD/JPY,SELL,M3,win,50.00,0.79,39.50,0.61,QuantEdge Bot
2026-07-02 18:28:00,2026-07-02 18:33:00,GBP/JPY,BUY,M5,loss,10.00,0.76,-10.00,0.84,QuantEdge Bot
2026-07-02 19:02:00,2026-07-02 19:05:00,XAU/USD,SELL,M3,loss,10.00,0.75,-10.00,0.82,Manual — own analysis
2026-07-03 06:15:00,2026-07-03 06:45:00,XAU/USD,SELL,M30,win,5.00,0.78,3.90,0.88,AlphaPips Room
2026-07-03 06:45:00,2026-07-03 06:50:00,GBP/USD,SELL,M5,win,5.00,0.83,4.15,0.62,AlphaPips Room
2026-07-03 07:33:00,2026-07-03 07:38:00,GBP/USD,SELL,M5,loss,25.00,0.82,-25.00,0.80,QuantEdge Bot
2026-07-03 08:38:00,2026-07-03 08:53:00,GBP/JPY,SELL,M15,win,20.00,0.74,14.80,0.91,TelegramVIPSignals
2026-07-03 08:42:00,2026-07-03 08:47:00,EUR/JPY,BUY,M5,loss,20.00,0.77,-20.00,0.64,AlphaPips Room
2026-07-03 10:00:00,2026-07-03 10:01:00,EUR/USD,BUY,M1,loss,5.00,0.82,-5.00,0.76,Manual — own analysis
2026-07-03 11:44:00,2026-07-03 11:45:00,GBP/USD,SELL,M1,win,5.00,0.80,4.00,0.81,Daily Binary Club
2026-07-03 15:33:00,2026-07-03 15:38:00,EUR/USD,BUY,M5,win,20.00,0.84,16.80,0.87,Daily Binary Club
2026-07-03 16:39:00,2026-07-03 16:44:00,EUR/USD OTC,BUY,M5,loss,10.00,0.83,-10.00,0.65,Daily Binary Club
2026-07-03 18:02:00,2026-07-03 18:07:00,EUR/USD,SELL,M5,loss,10.00,0.81,-10.00,0.92,TelegramVIPSignals
2026-07-03 19:15:00,2026-07-03 19:20:00,EUR/USD,BUY,M5,win,20.00,0.82,16.40,0.73,TelegramVIPSignals
2026-07-03 19:56:00,2026-07-03 20:01:00,GBP/USD OTC,BUY,M5,loss,10.00,0.84,-10.00,0.84,Daily Binary Club
2026-07-04 11:10:00,2026-07-04 11:11:00,GBP/USD,BUY,M1,win,50.00,0.78,39.00,0.69,AlphaPips Room
2026-07-04 14:54:00,2026-07-04 14:57:00,EUR/USD,BUY,M3,win,5.00,0.81,4.05,0.71,AlphaPips Room
2026-07-04 15:31:00,2026-07-04 15:32:00,EUR/USD OTC,SELL,M1,loss,10.00,0.86,-10.00,0.56,Manual — own analysis
2026-07-05 10:52:00,2026-07-05 11:07:00,USD/JPY,SELL,M15,loss,10.00,0.84,-10.00,0.68,Manual — own analysis
2026-07-05 21:50:00,2026-07-05 22:05:00,XAU/USD,SELL,M15,win,10.00,0.76,7.60,0.90,QuantEdge Bot
2026-07-06 08:27:00,2026-07-06 08:28:00,EUR/USD,SELL,M1,win,50.00,0.82,41.00,0.67,TelegramVIPSignals
2026-07-06 08:43:00,2026-07-06 08:44:00,EUR/USD,SELL,M1,loss,50.00,0.82,-50.00,0.62,Manual — own analysis
2026-07-06 08:43:00,2026-07-06 09:13:00,GBP/JPY,BUY,M30,loss,50.00,0.78,-50.00,0.87,Manual — own analysis
2026-07-06 09:31:00,2026-07-06 09:36:00,BTC/USD,BUY,M5,win,10.00,0.68,6.80,0.64,AlphaPips Room
2026-07-06 09:51:00,2026-07-06 09:54:00,GBP/USD,BUY,M3,win,10.00,0.79,7.90,0.90,AlphaPips Room
2026-07-06 10:25:00,2026-07-06 10:30:00,BTC/USD,BUY,M5,win,10.00,0.70,7.00,0.91,TelegramVIPSignals
2026-07-06 11:41:00,2026-07-06 11:42:00,USD/JPY,SELL,M1,win,10.00,0.84,8.40,0.85,QuantEdge Bot
2026-07-06 12:24:00,2026-07-06 12:25:00,GBP/USD,BUY,M1,loss,10.00,0.82,-10.00,0.80,AlphaPips Room
2026-07-06 14:10:00,2026-07-06 14:40:00,EUR/USD,SELL,M30,win,50.00,0.80,40.00,0.80,AlphaPips Room
2026-07-06 16:22:00,2026-07-06 16:27:00,AUD/USD,BUY,M5,win,50.00,0.79,39.50,0.60,Daily Binary Club
2026-07-06 18:29:00,2026-07-06 18:34:00,AUD/USD,BUY,M5,win,5.00,0.78,3.90,0.95,Daily Binary Club
2026-07-06 19:47:00,2026-07-06 19:50:00,GBP/USD OTC,BUY,M3,loss,50.00,0.83,-50.00,0.72,AlphaPips Room
2026-07-07 08:13:00,2026-07-07 08:28:00,EUR/USD,SELL,M15,win,20.00,0.80,16.00,0.83,Manual — own analysis
2026-07-07 10:06:00,2026-07-07 10:21:00,BTC/USD,BUY,M15,win,20.00,0.70,14.00,0.89,AlphaPips Room
2026-07-07 11:40:00,2026-07-07 11:41:00,EUR/USD,BUY,M1,loss,10.00,0.79,-10.00,0.56,TelegramVIPSignals
2026-07-07 11:58:00,2026-07-07 11:59:00,EUR/USD OTC,BUY,M1,win,10.00,0.82,8.20,0.58,Daily Binary Club
2026-07-07 13:40:00,2026-07-07 13:45:00,USD/CAD,SELL,M5,win,10.00,0.79,7.90,0.76,Manual — own analysis
2026-07-07 19:10:00,2026-07-07 19:25:00,AUD/USD,SELL,M15,win,50.00,0.75,37.50,0.77,AlphaPips Room
2026-07-08 06:26:00,2026-07-08 06:41:00,EUR/JPY,SELL,M15,loss,50.00,0.76,-50.00,0.55,AlphaPips Room
2026-07-08 09:18:00,2026-07-08 09:23:00,GBP/JPY,BUY,M5,win,10.00,0.77,7.70,0.58,Manual — own analysis
2026-07-08 09:27:00,2026-07-08 09:32:00,USD/CAD,SELL,M5,win,5.00,0.82,4.10,0.69,QuantEdge Bot
2026-07-08 11:32:00,2026-07-08 12:02:00,GBP/USD,BUY,M30,win,25.00,0.81,20.25,0.84,AlphaPips Room
2026-07-08 12:22:00,2026-07-08 12:23:00,GBP/USD,BUY,M1,loss,10.00,0.82,-10.00,0.77,Manual — own analysis
2026-07-08 12:41:00,2026-07-08 12:46:00,GBP/JPY,BUY,M5,loss,10.00,0.76,-10.00,0.67,Daily Binary Club
2026-07-08 13:09:00,2026-07-08 13:24:00,BTC/USD,SELL,M15,win,10.00,0.72,7.20,0.89,AlphaPips Room
2026-07-08 13:14:00,2026-07-08 13:29:00,EUR/USD OTC,BUY,M15,loss,20.00,0.86,-20.00,0.85,Daily Binary Club
2026-07-08 16:14:00,2026-07-08 16:19:00,EUR/USD,SELL,M5,win,20.00,0.85,17.00,0.75,Manual — own analysis
2026-07-08 16:56:00,2026-07-08 16:59:00,USD/JPY,BUY,M3,loss,20.00,0.83,-20.00,0.93,AlphaPips Room
2026-07-08 17:29:00,2026-07-08 17:44:00,GBP/USD,BUY,M15,win,10.00,0.79,7.90,0.57,Daily Binary Club
2026-07-08 17:33:00,2026-07-08 17:34:00,EUR/JPY,BUY,M1,win,20.00,0.77,15.40,0.57,Manual — own analysis
2026-07-08 17:41:00,2026-07-08 17:46:00,GBP/USD,SELL,M5,win,20.00,0.80,16.00,0.72,Daily Binary Club
2026-07-09 06:57:00,2026-07-09 07:12:00,EUR/USD,SELL,M15,win,5.00,0.80,4.00,0.72,Manual — own analysis
2026-07-09 07:13:00,2026-07-09 07:28:00,EUR/USD,SELL,M15,loss,10.00,0.83,-10.00,0.56,QuantEdge Bot
2026-07-09 08:33:00,2026-07-09 08:38:00,GBP/USD OTC,SELL,M5,win,20.00,0.86,17.20,0.79,QuantEdge Bot
2026-07-09 09:04:00,2026-07-09 09:34:00,EUR/USD OTC,BUY,M30,loss,5.00,0.85,-5.00,0.92,AlphaPips Room
2026-07-09 13:23:00,2026-07-09 13:28:00,AUD/USD,BUY,M5,win,10.00,0.78,7.80,0.73,QuantEdge Bot
2026-07-09 13:50:00,2026-07-09 14:05:00,GBP/USD OTC,SELL,M15,win,5.00,0.87,4.35,0.72,QuantEdge Bot
2026-07-09 15:48:00,2026-07-09 16:03:00,USD/CAD,SELL,M15,win,10.00,0.81,8.10,0.77,AlphaPips Room
2026-07-09 15:51:00,2026-07-09 15:56:00,USD/JPY,BUY,M5,win,10.00,0.82,8.20,0.71,AlphaPips Room
2026-07-09 15:59:00,2026-07-09 16:29:00,GBP/JPY,SELL,M30,win,25.00,0.75,18.75,0.95,Manual — own analysis
2026-07-09 16:25:00,2026-07-09 16:28:00,EUR/USD,BUY,M3,win,5.00,0.83,4.15,0.67,Manual — own analysis
2026-07-09 17:27:00,2026-07-09 17:30:00,EUR/USD,BUY,M3,win,50.00,0.85,42.50,0.85,QuantEdge Bot
2026-07-09 17:46:00,2026-07-09 17:47:00,EUR/JPY,SELL,M1,loss,50.00,0.76,-50.00,0.77,Daily Binary Club
2026-07-09 19:50:00,2026-07-09 19:51:00,GBP/USD OTC,SELL,M1,win,20.00,0.83,16.60,0.77,TelegramVIPSignals
2026-07-10 06:58:00,2026-07-10 06:59:00,GBP/JPY,BUY,M1,loss,25.00,0.78,-25.00,0.71,Manual — own analysis
2026-07-10 09:34:00,2026-07-10 09:39:00,EUR/USD,SELL,M5,win,20.00,0.80,16.00,0.66,Daily Binary Club
2026-07-10 09:36:00,2026-07-10 09:37:00,AUD/USD,SELL,M1,win,5.00,0.79,3.95,0.71,AlphaPips Room
2026-07-10 09:50:00,2026-07-10 10:20:00,EUR/USD OTC,BUY,M30,win,20.00,0.82,16.40,0.70,QuantEdge Bot
2026-07-10 10:15:00,2026-07-10 10:16:00,BTC/USD,BUY,M1,win,20.00,0.72,14.40,0.89,Manual — own analysis
2026-07-10 12:33:00,2026-07-10 12:38:00,GBP/JPY,BUY,M5,loss,50.00,0.75,-50.00,0.73,Daily Binary Club
2026-07-10 14:42:00,2026-07-10 14:45:00,EUR/USD,SELL,M3,win,10.00,0.83,8.30,0.84,AlphaPips Room
2026-07-10 14:45:00,2026-07-10 14:50:00,EUR/USD,BUY,M5,win,20.00,0.80,16.00,0.63,Daily Binary Club
2026-07-10 15:17:00,2026-07-10 15:47:00,EUR/JPY,SELL,M30,loss,25.00,0.80,-25.00,0.89,QuantEdge Bot
2026-07-10 16:33:00,2026-07-10 16:36:00,EUR/JPY,BUY,M3,win,25.00,0.81,20.25,0.69,TelegramVIPSignals
2026-07-10 16:36:00,2026-07-10 16:51:00,GBP/USD,BUY,M15,loss,25.00,0.79,-25.00,0.79,QuantEdge Bot
2026-07-11 11:51:00,2026-07-11 12:06:00,AUD/USD,BUY,M15,loss,50.00,0.80,-50.00,0.90,AlphaPips Room
2026-07-11 19:03:00,2026-07-11 19:04:00,EUR/USD,SELL,M1,win,10.00,0.85,8.50,0.66,AlphaPips Room
2026-07-11 20:07:00,2026-07-11 20:10:00,EUR/USD,SELL,M3,win,50.00,0.84,42.00,0.74,QuantEdge Bot
2026-07-12 08:15:00,2026-07-12 08:20:00,USD/JPY,BUY,M5,win,20.00,0.83,16.60,0.66,Manual — own analysis
2026-07-12 09:02:00,2026-07-12 09:32:00,USD/JPY,SELL,M30,win,25.00,0.79,19.75,0.90,AlphaPips Room
2026-07-13 07:43:00,2026-07-13 07:48:00,AUD/USD,SELL,M5,win,10.00,0.76,7.60,0.85,QuantEdge Bot
2026-07-13 11:12:00,2026-07-13 11:42:00,USD/JPY,SELL,M30,win,25.00,0.82,20.50,0.78,AlphaPips Room
2026-07-13 12:31:00,2026-07-13 12:36:00,USD/JPY,SELL,M5,win,10.00,0.80,8.00,0.56,QuantEdge Bot
2026-07-13 12:33:00,2026-07-13 12:48:00,USD/JPY,BUY,M15,loss,50.00,0.79,-50.00,0.86,Daily Binary Club
2026-07-13 12:44:00,2026-07-13 12:47:00,GBP/USD OTC,SELL,M3,win,25.00,0.82,20.50,0.68,Manual — own analysis
2026-07-13 13:09:00,2026-07-13 13:14:00,GBP/USD,BUY,M5,loss,20.00,0.77,-20.00,0.56,QuantEdge Bot
2026-07-13 13:46:00,2026-07-13 13:49:00,BTC/USD,BUY,M3,win,20.00,0.69,13.80,0.84,TelegramVIPSignals
2026-07-13 14:08:00,2026-07-13 15:08:00,USD/CAD,BUY,H1,win,20.00,0.77,15.40,0.93,AlphaPips Room
2026-07-13 14:25:00,2026-07-13 14:40:00,BTC/USD,BUY,M15,loss,5.00,0.72,-5.00,0.57,AlphaPips Room
2026-07-13 14:35:00,2026-07-13 14:40:00,EUR/USD OTC,SELL,M5,win,10.00,0.82,8.20,0.63,Daily Binary Club
2026-07-13 17:01:00,2026-07-13 17:31:00,AUD/USD,SELL,M30,win,25.00,0.79,19.75,0.75,Daily Binary Club
2026-07-13 17:14:00,2026-07-13 17:44:00,GBP/USD,BUY,M30,loss,50.00,0.80,-50.00,0.64,QuantEdge Bot
2026-07-13 19:50:00,2026-07-13 19:55:00,EUR/USD OTC,BUY,M5,loss,10.00,0.86,-10.00,0.84,QuantEdge Bot
2026-07-14 06:17:00,2026-07-14 06:22:00,USD/CAD,BUY,M5,win,5.00,0.79,3.95,0.79,TelegramVIPSignals
2026-07-14 10:34:00,2026-07-14 10:35:00,EUR/USD,SELL,M1,win,10.00,0.79,7.90,0.81,Daily Binary Club
2026-07-14 15:00:00,2026-07-14 15:05:00,GBP/JPY,SELL,M5,win,10.00,0.74,7.40,0.94,Manual — own analysis
2026-07-14 16:58:00,2026-07-14 17:13:00,EUR/JPY,BUY,M15,loss,5.00,0.80,-5.00,0.75,AlphaPips Room
2026-07-14 19:20:00,2026-07-14 19:21:00,EUR/JPY,BUY,M1,loss,10.00,0.78,-10.00,0.79,Daily Binary Club
2026-07-14 19:55:00,2026-07-14 20:00:00,USD/CAD,SELL,M5,loss,10.00,0.80,-10.00,0.70,AlphaPips Room
2026-07-15 12:04:00,2026-07-15 12:19:00,EUR/JPY,SELL,M15,loss,50.00,0.80,-50.00,0.73,Daily Binary Club
2026-07-15 12:47:00,2026-07-15 13:02:00,USD/CAD,BUY,M15,win,5.00,0.81,4.05,0.93,AlphaPips Room
2026-07-15 15:27:00,2026-07-15 15:32:00,USD/CAD,BUY,M5,loss,25.00,0.82,-25.00,0.59,Manual — own analysis
2026-07-15 17:49:00,2026-07-15 17:52:00,XAU/USD,BUY,M3,loss,10.00,0.77,-10.00,0.56,AlphaPips Room
2026-07-15 18:58:00,2026-07-15 19:03:00,GBP/USD OTC,SELL,M5,loss,10.00,0.87,-10.00,0.81,TelegramVIPSignals
2026-07-15 19:10:00,2026-07-15 19:40:00,EUR/USD,BUY,M30,loss,50.00,0.80,-50.00,0.93,QuantEdge Bot
2026-07-16 06:51:00,2026-07-16 07:51:00,GBP/USD OTC,SELL,H1,loss,50.00,0.82,-50.00,0.77,AlphaPips Room
2026-07-16 08:17:00,2026-07-16 09:17:00,EUR/JPY,BUY,H1,loss,25.00,0.80,-25.00,0.80,AlphaPips Room
2026-07-16 09:21:00,2026-07-16 09:26:00,EUR/USD OTC,SELL,M5,loss,50.00,0.87,-50.00,0.76,Daily Binary Club
2026-07-16 13:39:00,2026-07-16 13:42:00,USD/CAD,BUY,M3,loss,20.00,0.79,-20.00,0.84,QuantEdge Bot
2026-07-16 16:37:00,2026-07-16 16:38:00,USD/JPY,BUY,M1,loss,10.00,0.83,-10.00,0.57,Daily Binary Club
2026-07-16 17:51:00,2026-07-16 17:54:00,GBP/USD,SELL,M3,win,10.00,0.80,8.00,0.60,QuantEdge Bot
2026-07-16 18:59:00,2026-07-16 19:29:00,USD/JPY,SELL,M30,win,25.00,0.83,20.75,0.93,AlphaPips Room
2026-07-16 19:19:00,2026-07-16 19:34:00,USD/JPY,BUY,M15,win,20.00,0.79,15.80,0.76,Daily Binary Club
2026-07-16 19:44:00,2026-07-16 19:45:00,EUR/USD,BUY,M1,win,20.00,0.82,16.40,0.72,QuantEdge Bot
2026-07-16 19:55:00,2026-07-16 20:10:00,EUR/JPY,SELL,M15,loss,10.00,0.81,-10.00,0.92,Daily Binary Club
2026-07-17 06:34:00,2026-07-17 06:37:00,GBP/USD OTC,BUY,M3,win,50.00,0.85,42.50,0.62,Manual — own analysis
2026-07-17 10:13:00,2026-07-17 10:18:00,EUR/USD,SELL,M5,win,10.00,0.80,8.00,0.64,AlphaPips Room
2026-07-17 10:21:00,2026-07-17 10:36:00,USD/CAD,SELL,M15,loss,50.00,0.82,-50.00,0.95,AlphaPips Room
2026-07-17 10:37:00,2026-07-17 10:38:00,GBP/JPY,SELL,M1,loss,10.00,0.79,-10.00,0.60,Daily Binary Club
2026-07-17 11:29:00,2026-07-17 11:32:00,BTC/USD,BUY,M3,loss,10.00,0.70,-10.00,0.69,TelegramVIPSignals
2026-07-17 15:20:00,2026-07-17 15:23:00,EUR/USD,SELL,M3,loss,25.00,0.81,-25.00,0.80,AlphaPips Room
2026-07-17 17:14:00,2026-07-17 17:29:00,USD/JPY,SELL,M15,loss,10.00,0.83,-10.00,0.95,TelegramVIPSignals
2026-07-17 18:50:00,2026-07-17 18:53:00,EUR/USD,BUY,M3,win,5.00,0.79,3.95,0.63,AlphaPips Room
2026-07-18 08:06:00,2026-07-18 08:07:00,BTC/USD,SELL,M1,win,5.00,0.69,3.45,0.75,Manual — own analysis
2026-07-18 11:57:00,2026-07-18 12:00:00,AUD/USD,BUY,M3,win,25.00,0.79,19.75,0.61,Manual — own analysis
2026-07-18 16:26:00,2026-07-18 16:27:00,EUR/USD,SELL,M1,win,50.00,0.85,42.50,0.71,Manual — own analysis
2026-07-20 07:39:00,2026-07-20 07:42:00,EUR/USD,SELL,M3,win,25.00,0.80,20.00,0.85,AlphaPips Room
2026-07-20 08:06:00,2026-07-20 08:11:00,EUR/USD,SELL,M5,loss,10.00,0.83,-10.00,0.67,QuantEdge Bot
2026-07-20 10:50:00,2026-07-20 10:51:00,AUD/USD,SELL,M1,loss,20.00,0.80,-20.00,0.57,AlphaPips Room
2026-07-20 11:09:00,2026-07-20 11:12:00,XAU/USD,BUY,M3,win,20.00,0.73,14.60,0.79,Daily Binary Club
2026-07-20 16:27:00,2026-07-20 16:28:00,AUD/USD,BUY,M1,win,20.00,0.76,15.20,0.62,AlphaPips Room
2026-07-20 17:24:00,2026-07-20 17:29:00,GBP/USD,BUY,M5,loss,25.00,0.83,-25.00,0.61,Daily Binary Club
2026-07-20 18:03:00,2026-07-20 19:03:00,EUR/USD,SELL,H1,loss,20.00,0.80,-20.00,0.58,Daily Binary Club
2026-07-20 19:21:00,2026-07-20 19:24:00,BTC/USD,BUY,M3,loss,20.00,0.69,-20.00,0.70,Manual — own analysis
2026-07-20 19:44:00,2026-07-20 19:45:00,EUR/JPY,SELL,M1,win,50.00,0.78,39.00,0.66,Manual — own analysis
2026-07-21 12:28:00,2026-07-21 12:29:00,BTC/USD,BUY,M1,win,20.00,0.69,13.80,0.95,AlphaPips Room
2026-07-21 13:31:00,2026-07-21 13:36:00,AUD/USD,SELL,M5,win,25.00,0.78,19.50,0.67,Manual — own analysis
2026-07-21 15:30:00,2026-07-21 15:35:00,GBP/JPY,BUY,M5,win,10.00,0.79,7.90,0.69,TelegramVIPSignals
2026-07-21 17:32:00,2026-07-21 17:35:00,EUR/USD,BUY,M3,loss,20.00,0.81,-20.00,0.76,Daily Binary Club
2026-07-21 19:54:00,2026-07-21 19:59:00,USD/JPY,SELL,M5,win,5.00,0.83,4.15,0.81,AlphaPips Room
2026-07-22 07:37:00,2026-07-22 07:40:00,EUR/USD,BUY,M3,loss,5.00,0.84,-5.00,0.84,AlphaPips Room
2026-07-22 08:10:00,2026-07-22 08:15:00,EUR/USD OTC,BUY,M5,loss,25.00,0.86,-25.00,0.94,Daily Binary Club
2026-07-22 08:39:00,2026-07-22 08:40:00,EUR/USD OTC,BUY,M1,win,50.00,0.88,44.00,0.65,Manual — own analysis
2026-07-22 10:08:00,2026-07-22 10:13:00,GBP/USD OTC,BUY,M5,win,25.00,0.85,21.25,0.72,QuantEdge Bot
2026-07-22 10:40:00,2026-07-22 10:55:00,GBP/USD,SELL,M15,loss,25.00,0.82,-25.00,0.60,AlphaPips Room
2026-07-22 10:48:00,2026-07-22 10:53:00,EUR/USD,BUY,M5,win,20.00,0.82,16.40,0.73,QuantEdge Bot
2026-07-22 12:34:00,2026-07-22 12:49:00,BTC/USD,SELL,M15,win,50.00,0.68,34.00,0.76,AlphaPips Room
2026-07-22 12:56:00,2026-07-22 12:57:00,USD/JPY,BUY,M1,loss,5.00,0.84,-5.00,0.68,AlphaPips Room
2026-07-22 15:49:00,2026-07-22 16:04:00,EUR/USD OTC,BUY,M15,win,10.00,0.87,8.70,0.77,Daily Binary Club
2026-07-22 16:29:00,2026-07-22 16:59:00,EUR/USD,SELL,M30,win,25.00,0.82,20.50,0.70,Daily Binary Club
2026-07-22 17:21:00,2026-07-22 17:26:00,USD/JPY,SELL,M5,win,10.00,0.80,8.00,0.93,AlphaPips Room
2026-07-22 17:38:00,2026-07-22 17:43:00,AUD/USD,SELL,M5,loss,20.00,0.75,-20.00,0.67,Manual — own analysis
2026-07-23 07:01:00,2026-07-23 07:06:00,GBP/JPY,SELL,M5,pending,5.00,0.75,,0.72,Manual — own analysis
2026-07-23 08:25:00,2026-07-23 08:40:00,EUR/USD,BUY,M15,pending,50.00,0.81,,0.74,Daily Binary Club
2026-07-23 08:56:00,2026-07-23 09:26:00,GBP/USD,BUY,M30,loss,5.00,0.78,-5.00,0.61,Daily Binary Club
2026-07-23 10:42:00,2026-07-23 10:57:00,GBP/USD OTC,SELL,M15,win,20.00,0.85,17.00,0.85,AlphaPips Room
2026-07-23 11:45:00,2026-07-23 12:00:00,GBP/USD,BUY,M15,loss,50.00,0.79,-50.00,0.73,Manual — own analysis
2026-07-23 14:21:00,2026-07-23 14:22:00,AUD/USD,BUY,M1,pending,5.00,0.79,,0.72,Daily Binary Club
2026-07-23 16:55:00,2026-07-23 16:58:00,GBP/USD,SELL,M3,win,10.00,0.81,8.10,0.86,Daily Binary Club
2026-07-24 07:08:00,2026-07-24 07:13:00,EUR/USD OTC,BUY,M5,win,10.00,0.84,8.40,0.89,Manual — own analysis
2026-07-24 08:13:00,2026-07-24 08:14:00,GBP/USD,SELL,M1,win,20.00,0.80,16.00,0.63,QuantEdge Bot
2026-07-24 09:48:00,2026-07-24 10:03:00,EUR/USD,SELL,M15,loss,10.00,0.80,-10.00,0.74,QuantEdge Bot
2026-07-24 14:56:00,2026-07-24 15:01:00,GBP/USD,BUY,M5,pending,50.00,0.80,,0.56,Daily Binary Club
2026-07-24 16:02:00,2026-07-24 16:05:00,USD/JPY,BUY,M3,loss,20.00,0.82,-20.00,0.77,Manual — own analysis
2026-07-24 17:31:00,2026-07-24 17:36:00,EUR/USD OTC,SELL,M5,pending,5.00,0.87,,0.57,Manual — own analysis
2026-07-24 18:30:00,2026-07-24 18:33:00,AUD/USD,BUY,M3,loss,25.00,0.79,-25.00,0.81,TelegramVIPSignals
2026-07-25 09:00:00,,GBP/USD,BUY,,pending,10.00,0.80,,0.70,QuantEdge Bot
